u,v,day_type,hour,touches_bottleneck,base_minutes,congestion_multiplier
SilkBoard,BTM,0,0,1,8,1.000061507722636
SilkBoard,BTM,0,1,1,8,1.014937285246871
SilkBoard,BTM,0,2,1,8,1.0
SilkBoard,BTM,0,3,1,8,1.0
SilkBoard,BTM,0,4,1,8,1.0
SilkBoard,BTM,0,5,1,8,1.0
SilkBoard,BTM,0,6,1,8,1.1006685047481926
SilkBoard,BTM,0,7,1,8,1.4957271343598404
SilkBoard,BTM,0,8,1,8,2.0168399611414394
SilkBoard,BTM,0,9,1,8,2.3689762596202026
SilkBoard,BTM,0,10,1,8,2.0659425780637215
SilkBoard,BTM,0,11,1,8,1.4465659398037034
SilkBoard,BTM,0,12,1,8,1.1030297144762835
SilkBoard,BTM,0,13,1,8,1.0
SilkBoard,BTM,0,14,1,8,1.0100021547433922
SilkBoard,BTM,0,15,1,8,1.0963100185362378
SilkBoard,BTM,0,16,1,8,1.1741802542658348
SilkBoard,BTM,0,17,1,8,1.6180859267996968
SilkBoard,BTM,0,18,1,8,2.0565474504228503
SilkBoard,BTM,0,19,1,8,2.3355231130109497
SilkBoard,BTM,0,20,1,8,2.0595218354685443
SilkBoard,BTM,0,21,1,8,1.629212149926526
SilkBoard,BTM,0,22,1,8,1.178017949379069
SilkBoard,BTM,0,23,1,8,1.0750749250138556
SilkBoard,BTM,1,0,1,8,1.0078375543613303
SilkBoard,BTM,1,1,1,8,1.0
SilkBoard,BTM,1,2,1,8,1.0
SilkBoard,BTM,1,3,1,8,1.0
SilkBoard,BTM,1,4,1,8,1.0
SilkBoard,BTM,1,5,1,8,1.0124365435375227
SilkBoard,BTM,1,6,1,8,1.0
SilkBoard,BTM,1,7,1,8,1.211906340843466
SilkBoard,BTM,1,8,1,8,1.5238717039851213
SilkBoard,BTM,1,9,1,8,1.72955814056488
SilkBoard,BTM,1,10,1,8,1.625842692724258
SilkBoard,BTM,1,11,1,8,1.1954201404010405
SilkBoard,BTM,1,12,1,8,1.0521413658672378
SilkBoard,BTM,1,13,1,8,1.0516711338628562
SilkBoard,BTM,1,14,1,8,1.0
SilkBoard,BTM,1,15,1,8,1.0282645748681198
SilkBoard,BTM,1,16,1,8,1.138288247059023
SilkBoard,BTM,1,17,1,8,1.3557207818811923
SilkBoard,BTM,1,18,1,8,1.5721319317562061
SilkBoard,BTM,1,19,1,8,1.7738070115189595
SilkBoard,BTM,1,20,1,8,1.701325894134049
SilkBoard,BTM,1,21,1,8,1.275174454657719
SilkBoard,BTM,1,22,1,8,1.1757337847992695
SilkBoard,BTM,1,23,1,8,1.0397991401748528
SilkBoard,HSRLayout,0,0,1,9,1.0
SilkBoard,HSRLayout,0,1,1,9,1.1000208356885688
SilkBoard,HSRLayout,0,2,1,9,1.0381136937830706
SilkBoard,HSRLayout,0,3,1,9,1.0
SilkBoard,HSRLayout,0,4,1,9,1.0045846088831651
SilkBoard,HSRLayout,0,5,1,9,1.0411455596150683
SilkBoard,HSRLayout,0,6,1,9,1.0882222183507833
SilkBoard,HSRLayout,0,7,1,9,1.462861885441874
SilkBoard,HSRLayout,0,8,1,9,2.038124421061535
SilkBoard,HSRLayout,0,9,1,9,2.4333623826529163
SilkBoard,HSRLayout,0,10,1,9,2.1133766051372693
SilkBoard,HSRLayout,0,11,1,9,1.3949384768454178
SilkBoard,HSRLayout,0,12,1,9,1.107915932545869
SilkBoard,HSRLayout,0,13,1,9,1.0
SilkBoard,HSRLayout,0,14,1,9,1.0178281664278472
SilkBoard,HSRLayout,0,15,1,9,1.0021851324208164
SilkBoard,HSRLayout,0,16,1,9,1.2124259018049552
SilkBoard,HSRLayout,0,17,1,9,1.631156916211483
SilkBoard,HSRLayout,0,18,1,9,2.196546781017913
SilkBoard,HSRLayout,0,19,1,9,2.457261100372905
SilkBoard,HSRLayout,0,20,1,9,2.085432197733918
SilkBoard,HSRLayout,0,21,1,9,1.6012345881809076
SilkBoard,HSRLayout,0,22,1,9,1.2737354445799252
SilkBoard,HSRLayout,0,23,1,9,1.0
SilkBoard,HSRLayout,1,0,1,9,1.0
SilkBoard,HSRLayout,1,1,1,9,1.0
SilkBoard,HSRLayout,1,2,1,9,1.0628511383627002
SilkBoard,HSRLayout,1,3,1,9,1.034488428485842
SilkBoard,HSRLayout,1,4,1,9,1.0
SilkBoard,HSRLayout,1,5,1,9,1.0
SilkBoard,HSRLayout,1,6,1,9,1.0412039585141801
SilkBoard,HSRLayout,1,7,1,9,1.3119704746679706
SilkBoard,HSRLayout,1,8,1,9,1.55139641075931
SilkBoard,HSRLayout,1,9,1,9,1.7548159831179235
SilkBoard,HSRLayout,1,10,1,9,1.5904272149192173
SilkBoard,HSRLayout,1,11,1,9,1.2297583519133126
SilkBoard,HSRLayout,1,12,1,9,1.0439032397162278
SilkBoard,HSRLayout,1,13,1,9,1.0
SilkBoard,HSRLayout,1,14,1,9,1.0057295368246784
SilkBoard,HSRLayout,1,15,1,9,1.011670611198607
SilkBoard,HSRLayout,1,16,1,9,1.1910714287060602
SilkBoard,HSRLayout,1,17,1,9,1.3851861183034975
SilkBoard,HSRLayout,1,18,1,9,1.6321775424265943
SilkBoard,HSRLayout,1,19,1,9,1.8034190511634762
SilkBoard,HSRLayout,1,20,1,9,1.6163912454613145
SilkBoard,HSRLayout,1,21,1,9,1.4051380064854906
SilkBoard,HSRLayout,1,22,1,9,1.1324946723646083
SilkBoard,HSRLayout,1,23,1,9,1.0630005565990444
SilkBoard,Bannerghatta,0,0,1,7,1.0
SilkBoard,Bannerghatta,0,1,1,7,1.017334010815369
SilkBoard,Bannerghatta,0,2,1,7,1.0
SilkBoard,Bannerghatta,0,3,1,7,1.0
SilkBoard,Bannerghatta,0,4,1,7,1.0
SilkBoard,Bannerghatta,0,5,1,7,1.0
SilkBoard,Bannerghatta,0,6,1,7,1.1058639644039319
SilkBoard,Bannerghatta,0,7,1,7,1.540954203406416
SilkBoard,Bannerghatta,0,8,1,7,1.9998641279984015
SilkBoard,Bannerghatta,0,9,1,7,2.3688028252890043
SilkBoard,Bannerghatta,0,10,1,7,2.0517206728576967
SilkBoard,Bannerghatta,0,11,1,7,1.453372253966318
SilkBoard,Bannerghatta,0,12,1,7,1.0889386987311007
SilkBoard,Bannerghatta,0,13,1,7,1.0032519207486073
SilkBoard,Bannerghatta,0,14,1,7,1.046587893622583
SilkBoard,Bannerghatta,0,15,1,7,1.0875402406650183
SilkBoard,Bannerghatta,0,16,1,7,1.1897071900264045
SilkBoard,Bannerghatta,0,17,1,7,1.6370076489209158
SilkBoard,Bannerghatta,0,18,1,7,2.153372929845966
SilkBoard,Bannerghatta,0,19,1,7,2.347275768897743
SilkBoard,Bannerghatta,0,20,1,7,2.1646005423918493
SilkBoard,Bannerghatta,0,21,1,7,1.5980688826214329
SilkBoard,Bannerghatta,0,22,1,7,1.2899936088471062
SilkBoard,Bannerghatta,0,23,1,7,1.0711490027030242
SilkBoard,Bannerghatta,1,0,1,7,1.0044653243185715
SilkBoard,Bannerghatta,1,1,1,7,1.0
SilkBoard,Bannerghatta,1,2,1,7,1.0
SilkBoard,Bannerghatta,1,3,1,7,1.0
SilkBoard,Bannerghatta,1,4,1,7,1.0
SilkBoard,Bannerghatta,1,5,1,7,1.024913084196795
SilkBoard,Bannerghatta,1,6,1,7,1.0
SilkBoard,Bannerghatta,1,7,1,7,1.2781244307192208
SilkBoard,Bannerghatta,1,8,1,7,1.4854928341192577
SilkBoard,Bannerghatta,1,9,1,7,1.8078369276693733
SilkBoard,Bannerghatta,1,10,1,7,1.5305229099109878
SilkBoard,Bannerghatta,1,11,1,7,1.2747464283847583
SilkBoard,Bannerghatta,1,12,1,7,1.0603150114937538
SilkBoard,Bannerghatta,1,13,1,7,1.0
SilkBoard,Bannerghatta,1,14,1,7,1.0687630477045285
SilkBoard,Bannerghatta,1,15,1,7,1.1059350301234585
SilkBoard,Bannerghatta,1,16,1,7,1.1294747945965387
SilkBoard,Bannerghatta,1,17,1,7,1.3388358795598232
SilkBoard,Bannerghatta,1,18,1,7,1.625391374778559
SilkBoard,Bannerghatta,1,19,1,7,1.7212423838611717
SilkBoard,Bannerghatta,1,20,1,7,1.688314061034818
SilkBoard,Bannerghatta,1,21,1,7,1.3253870919776338
SilkBoard,Bannerghatta,1,22,1,7,1.1302051297636058
SilkBoard,Bannerghatta,1,23,1,7,1.0
SilkBoard,ElectronicCity,0,0,1,17,1.0
SilkBoard,ElectronicCity,0,1,1,17,1.0
SilkBoard,ElectronicCity,0,2,1,17,1.0628541738645545
SilkBoard,ElectronicCity,0,3,1,17,1.0
SilkBoard,ElectronicCity,0,4,1,17,1.0491548783810325
SilkBoard,ElectronicCity,0,5,1,17,1.012977310277222
SilkBoard,ElectronicCity,0,6,1,17,1.0629411482331759
SilkBoard,ElectronicCity,0,7,1,17,1.412382109082001
SilkBoard,ElectronicCity,0,8,1,17,2.0134387345438607
SilkBoard,ElectronicCity,0,9,1,17,2.4003979595704457
SilkBoard,ElectronicCity,0,10,1,17,2.022687133570614
SilkBoard,ElectronicCity,0,11,1,17,1.4137255035986105
SilkBoard,ElectronicCity,0,12,1,17,1.0288302678195929
SilkBoard,ElectronicCity,0,13,1,17,1.0
SilkBoard,ElectronicCity,0,14,1,17,1.0941676233065774
SilkBoard,ElectronicCity,0,15,1,17,1.0279831980007375
SilkBoard,ElectronicCity,0,16,1,17,1.1886862922489143
SilkBoard,ElectronicCity,0,17,1,17,1.6578330314804592
SilkBoard,ElectronicCity,0,18,1,17,2.221972197390719
SilkBoard,ElectronicCity,0,19,1,17,2.327298784876138
SilkBoard,ElectronicCity,0,20,1,17,2.1411824949455673
SilkBoard,ElectronicCity,0,21,1,17,1.6093640787835146
SilkBoard,ElectronicCity,0,22,1,17,1.153339299734884
SilkBoard,ElectronicCity,0,23,1,17,1.09825804253569
SilkBoard,ElectronicCity,1,0,1,17,1.0
SilkBoard,ElectronicCity,1,1,1,17,1.0035720968189266
SilkBoard,ElectronicCity,1,2,1,17,1.0
SilkBoard,ElectronicCity,1,3,1,17,1.02275744160715
SilkBoard,ElectronicCity,1,4,1,17,1.0
SilkBoard,ElectronicCity,1,5,1,17,1.0
SilkBoard,ElectronicCity,1,6,1,17,1.0
SilkBoard,ElectronicCity,1,7,1,17,1.1749888666347528
SilkBoard,ElectronicCity,1,8,1,17,1.6395742506529543
SilkBoard,ElectronicCity,1,9,1,17,1.7446447673092362
SilkBoard,ElectronicCity,1,10,1,17,1.587381779372744
SilkBoard,ElectronicCity,1,11,1,17,1.2341073524292667
SilkBoard,ElectronicCity,1,12,1,17,1.0317101909764046
SilkBoard,ElectronicCity,1,13,1,17,1.0
SilkBoard,ElectronicCity,1,14,1,17,1.037809739798885
SilkBoard,ElectronicCity,1,15,1,17,1.0187562921206323
SilkBoard,ElectronicCity,1,16,1,17,1.1251928574879844
SilkBoard,ElectronicCity,1,17,1,17,1.3536427710281633
SilkBoard,ElectronicCity,1,18,1,17,1.6922101390896909
SilkBoard,ElectronicCity,1,19,1,17,1.804025548731766
SilkBoard,ElectronicCity,1,20,1,17,1.6525147364333717
SilkBoard,ElectronicCity,1,21,1,17,1.324353118896481
SilkBoard,ElectronicCity,1,22,1,17,1.0636662143978663
SilkBoard,ElectronicCity,1,23,1,17,1.0813079354767887
KRPuram,Marathahalli,0,0,1,12,1.0483223567658058
KRPuram,Marathahalli,0,1,1,12,1.0
KRPuram,Marathahalli,0,2,1,12,1.0270949002590108
KRPuram,Marathahalli,0,3,1,12,1.0391053044348233
KRPuram,Marathahalli,0,4,1,12,1.042418020077841
KRPuram,Marathahalli,0,5,1,12,1.0583802540938825
KRPuram,Marathahalli,0,6,1,12,1.074880442085264
KRPuram,Marathahalli,0,7,1,12,1.5044650212153496
KRPuram,Marathahalli,0,8,1,12,1.9791206341547203
KRPuram,Marathahalli,0,9,1,12,2.4430861584608823
KRPuram,Marathahalli,0,10,1,12,2.0661470795059995
KRPuram,Marathahalli,0,11,1,12,1.4724025450719256
KRPuram,Marathahalli,0,12,1,12,1.1917094173812255
KRPuram,Marathahalli,0,13,1,12,1.0877707109302004
KRPuram,Marathahalli,0,14,1,12,1.0
KRPuram,Marathahalli,0,15,1,12,1.0
KRPuram,Marathahalli,0,16,1,12,1.2822354345827789
KRPuram,Marathahalli,0,17,1,12,1.5902160940579115
KRPuram,Marathahalli,0,18,1,12,2.150988317980517
KRPuram,Marathahalli,0,19,1,12,2.441986373850458
KRPuram,Marathahalli,0,20,1,12,2.069418719798852
KRPuram,Marathahalli,0,21,1,12,1.535467683764786
KRPuram,Marathahalli,0,22,1,12,1.2543552244681155
KRPuram,Marathahalli,0,23,1,12,1.0637310015534354
KRPuram,Marathahalli,1,0,1,12,1.0
KRPuram,Marathahalli,1,1,1,12,1.0019267427928071
KRPuram,Marathahalli,1,2,1,12,1.0
KRPuram,Marathahalli,1,3,1,12,1.0
KRPuram,Marathahalli,1,4,1,12,1.0
KRPuram,Marathahalli,1,5,1,12,1.0
KRPuram,Marathahalli,1,6,1,12,1.0
KRPuram,Marathahalli,1,7,1,12,1.2610780582148264
KRPuram,Marathahalli,1,8,1,12,1.5697277264668443
KRPuram,Marathahalli,1,9,1,12,1.7903264293678007
KRPuram,Marathahalli,1,10,1,12,1.5233330144836572
KRPuram,Marathahalli,1,11,1,12,1.2028939345758023
KRPuram,Marathahalli,1,12,1,12,1.0038152997535055
KRPuram,Marathahalli,1,13,1,12,1.0
KRPuram,Marathahalli,1,14,1,12,1.016076006114076
KRPuram,Marathahalli,1,15,1,12,1.0
KRPuram,Marathahalli,1,16,1,12,1.1505683543375627
KRPuram,Marathahalli,1,17,1,12,1.36951948943935
KRPuram,Marathahalli,1,18,1,12,1.734642772421096
KRPuram,Marathahalli,1,19,1,12,1.7003605477067685
KRPuram,Marathahalli,1,20,1,12,1.6777798419387242
KRPuram,Marathahalli,1,21,1,12,1.3480572904697223
KRPuram,Marathahalli,1,22,1,12,1.1320631638916399
KRPuram,Marathahalli,1,23,1,12,1.0
KRPuram,Whitefield,0,0,1,14,1.0
KRPuram,Whitefield,0,1,1,14,1.0371598715436452
KRPuram,Whitefield,0,2,1,14,1.0
KRPuram,Whitefield,0,3,1,14,1.0040858702611162
KRPuram,Whitefield,0,4,1,14,1.0
KRPuram,Whitefield,0,5,1,14,1.0700395677808732
KRPuram,Whitefield,0,6,1,14,1.0965876962661458
KRPuram,Whitefield,0,7,1,14,1.3186955884580105
KRPuram,Whitefield,0,8,1,14,2.006846659545281
KRPuram,Whitefield,0,9,1,14,2.3015601742571876
KRPuram,Whitefield,0,10,1,14,1.878878554779635
KRPuram,Whitefield,0,11,1,14,1.4022158219070848
KRPuram,Whitefield,0,12,1,14,1.1644369945315247
KRPuram,Whitefield,0,13,1,14,1.0159044325677977
KRPuram,Whitefield,0,14,1,14,1.0
KRPuram,Whitefield,0,15,1,14,1.0145098654032023
KRPuram,Whitefield,0,16,1,14,1.2979216431425895
KRPuram,Whitefield,0,17,1,14,1.648848046021631
KRPuram,Whitefield,0,18,1,14,2.1540085494909955
KRPuram,Whitefield,0,19,1,14,2.3973269105582955
KRPuram,Whitefield,0,20,1,14,2.1535286004358984
KRPuram,Whitefield,0,21,1,14,1.6812369888274499
KRPuram,Whitefield,0,22,1,14,1.2690186383190578
KRPuram,Whitefield,0,23,1,14,1.0722969420739952
KRPuram,Whitefield,1,0,1,14,1.0
KRPuram,Whitefield,1,1,1,14,1.0255554428497826
KRPuram,Whitefield,1,2,1,14,1.0
KRPuram,Whitefield,1,3,1,14,1.0547105172523281
KRPuram,Whitefield,1,4,1,14,1.0
KRPuram,Whitefield,1,5,1,14,1.0
KRPuram,Whitefield,1,6,1,14,1.0533458142255128
KRPuram,Whitefield,1,7,1,14,1.1695617271129557
KRPuram,Whitefield,1,8,1,14,1.6588962400807772
KRPuram,Whitefield,1,9,1,14,1.8430203408991375
KRPuram,Whitefield,1,10,1,14,1.5496185734744998
KRPuram,Whitefield,1,11,1,14,1.2743829324458615
KRPuram,Whitefield,1,12,1,14,1.0727012545980243
KRPuram,Whitefield,1,13,1,14,1.0
KRPuram,Whitefield,1,14,1,14,1.0188255110404851
KRPuram,Whitefield,1,15,1,14,1.0307824683556654
KRPuram,Whitefield,1,16,1,14,1.1369259075702756
KRPuram,Whitefield,1,17,1,14,1.2986879471770802
KRPuram,Whitefield,1,18,1,14,1.6199173707660706
KRPuram,Whitefield,1,19,1,14,1.7610870618309942
KRPuram,Whitefield,1,20,1,14,1.692789433907588
KRPuram,Whitefield,1,21,1,14,1.3692530415836939
KRPuram,Whitefield,1,22,1,14,1.1324868988880565
KRPuram,Whitefield,1,23,1,14,1.1102799387855706
KRPuram,Hebbal,0,0,1,18,1.0
KRPuram,Hebbal,0,1,1,18,1.0
KRPuram,Hebbal,0,2,1,18,1.0
KRPuram,Hebbal,0,3,1,18,1.0784884440547335
KRPuram,Hebbal,0,4,1,18,1.0490754158543134
KRPuram,Hebbal,0,5,1,18,1.0581534826571444
KRPuram,Hebbal,0,6,1,18,1.1311062469406676
KRPuram,Hebbal,0,7,1,18,1.4342238014652962
KRPuram,Hebbal,0,8,1,18,2.052224734028122
KRPuram,Hebbal,0,9,1,18,2.3873996750978344
KRPuram,Hebbal,0,10,1,18,2.0312704542683147
KRPuram,Hebbal,0,11,1,18,1.431436769981385
KRPuram,Hebbal,0,12,1,18,1.1733504776045773
KRPuram,Hebbal,0,13,1,18,1.041332832351672
KRPuram,Hebbal,0,14,1,18,1.0085417395786127
KRPuram,Hebbal,0,15,1,18,1.0325752562911537
KRPuram,Hebbal,0,16,1,18,1.209641057259506
KRPuram,Hebbal,0,17,1,18,1.7211019654103323
KRPuram,Hebbal,0,18,1,18,2.176942952624248
KRPuram,Hebbal,0,19,1,18,2.403377527915731
KRPuram,Hebbal,0,20,1,18,2.134299495250495
KRPuram,Hebbal,0,21,1,18,1.5855140358952335
KRPuram,Hebbal,0,22,1,18,1.2380471955777592
KRPuram,Hebbal,0,23,1,18,1.1051946087962805
KRPuram,Hebbal,1,0,1,18,1.0
KRPuram,Hebbal,1,1,1,18,1.0
KRPuram,Hebbal,1,2,1,18,1.0
KRPuram,Hebbal,1,3,1,18,1.0054979518572127
KRPuram,Hebbal,1,4,1,18,1.0
KRPuram,Hebbal,1,5,1,18,1.0
KRPuram,Hebbal,1,6,1,18,1.0109939526323728
KRPuram,Hebbal,1,7,1,18,1.2800232562732927
KRPuram,Hebbal,1,8,1,18,1.5342677240597102
KRPuram,Hebbal,1,9,1,18,1.7988523399011946
KRPuram,Hebbal,1,10,1,18,1.649019634191292
KRPuram,Hebbal,1,11,1,18,1.2201170611035541
KRPuram,Hebbal,1,12,1,18,1.0236886385083406
KRPuram,Hebbal,1,13,1,18,1.017023253450002
KRPuram,Hebbal,1,14,1,18,1.0062041588461543
KRPuram,Hebbal,1,15,1,18,1.0
KRPuram,Hebbal,1,16,1,18,1.155811010682218
KRPuram,Hebbal,1,17,1,18,1.4533074958422096
KRPuram,Hebbal,1,18,1,18,1.6204791233138045
KRPuram,Hebbal,1,19,1,18,1.759856190196876
KRPuram,Hebbal,1,20,1,18,1.5811381218685177
KRPuram,Hebbal,1,21,1,18,1.3684861111484705
KRPuram,Hebbal,1,22,1,18,1.0704158391628082
KRPuram,Hebbal,1,23,1,18,1.0
Marathahalli,OuterRingRoadE,0,0,1,8,1.0639833636469516
Marathahalli,OuterRingRoadE,0,1,1,8,1.0
Marathahalli,OuterRingRoadE,0,2,1,8,1.0540685866454018
Marathahalli,OuterRingRoadE,0,3,1,8,1.0762510519296933
Marathahalli,OuterRingRoadE,0,4,1,8,1.013825120318429
Marathahalli,OuterRingRoadE,0,5,1,8,1.0399806505741
Marathahalli,OuterRingRoadE,0,6,1,8,1.1952738718026596
Marathahalli,OuterRingRoadE,0,7,1,8,1.4188799519788278
Marathahalli,OuterRingRoadE,0,8,1,8,2.011799997221925
Marathahalli,OuterRingRoadE,0,9,1,8,2.3323384513720526
Marathahalli,OuterRingRoadE,0,10,1,8,2.043535829571779
Marathahalli,OuterRingRoadE,0,11,1,8,1.5026787999416158
Marathahalli,OuterRingRoadE,0,12,1,8,1.1457387710964317
Marathahalli,OuterRingRoadE,0,13,1,8,1.0
Marathahalli,OuterRingRoadE,0,14,1,8,1.0
Marathahalli,OuterRingRoadE,0,15,1,8,1.0363362973462753
Marathahalli,OuterRingRoadE,0,16,1,8,1.2560043857548562
Marathahalli,OuterRingRoadE,0,17,1,8,1.6307011434965235
Marathahalli,OuterRingRoadE,0,18,1,8,2.1623312846850467
Marathahalli,OuterRingRoadE,0,19,1,8,2.414836968902471
Marathahalli,OuterRingRoadE,0,20,1,8,2.1366699080242086
Marathahalli,OuterRingRoadE,0,21,1,8,1.6389580094001128
Marathahalli,OuterRingRoadE,0,22,1,8,1.2517198923120558
Marathahalli,OuterRingRoadE,0,23,1,8,1.0573132218961117
Marathahalli,OuterRingRoadE,1,0,1,8,1.0251760432798216
Marathahalli,OuterRingRoadE,1,1,1,8,1.0935437932706966
Marathahalli,OuterRingRoadE,1,2,1,8,1.0295990037369007
Marathahalli,OuterRingRoadE,1,3,1,8,1.0028087607777318
Marathahalli,OuterRingRoadE,1,4,1,8,1.0
Marathahalli,OuterRingRoadE,1,5,1,8,1.0261689485381174
Marathahalli,OuterRingRoadE,1,6,1,8,1.0
Marathahalli,OuterRingRoadE,1,7,1,8,1.1653423003373564
Marathahalli,OuterRingRoadE,1,8,1,8,1.6155296205113916
Marathahalli,OuterRingRoadE,1,9,1,8,1.8053117555429932
Marathahalli,OuterRingRoadE,1,10,1,8,1.5653008116375098
Marathahalli,OuterRingRoadE,1,11,1,8,1.1502963188600246
Marathahalli,OuterRingRoadE,1,12,1,8,1.0352000252699713
Marathahalli,OuterRingRoadE,1,13,1,8,1.0
Marathahalli,OuterRingRoadE,1,14,1,8,1.0381476475331162
Marathahalli,OuterRingRoadE,1,15,1,8,1.1467361989687044
Marathahalli,OuterRingRoadE,1,16,1,8,1.1436115642942817
Marathahalli,OuterRingRoadE,1,17,1,8,1.3135661367668334
Marathahalli,OuterRingRoadE,1,18,1,8,1.5748571465619299
Marathahalli,OuterRingRoadE,1,19,1,8,1.7671952859616955
Marathahalli,OuterRingRoadE,1,20,1,8,1.6245450633712926
Marathahalli,OuterRingRoadE,1,21,1,8,1.2949557305877697
Marathahalli,OuterRingRoadE,1,22,1,8,1.1385824121827988
Marathahalli,OuterRingRoadE,1,23,1,8,1.0
Marathahalli,Whitefield,0,0,1,13,1.055605363641227
Marathahalli,Whitefield,0,1,1,13,1.0531325386608552
Marathahalli,Whitefield,0,2,1,13,1.054238271443656
Marathahalli,Whitefield,0,3,1,13,1.0
Marathahalli,Whitefield,0,4,1,13,1.0265848256104964
Marathahalli,Whitefield,0,5,1,13,1.005707605170591
Marathahalli,Whitefield,0,6,1,13,1.0782207215481965
Marathahalli,Whitefield,0,7,1,13,1.4117590892250103
Marathahalli,Whitefield,0,8,1,13,1.9764645234172982
Marathahalli,Whitefield,0,9,1,13,2.327806819816444
Marathahalli,Whitefield,0,10,1,13,2.081166215098264
Marathahalli,Whitefield,0,11,1,13,1.4191598191997243
Marathahalli,Whitefield,0,12,1,13,1.1085802445827697
Marathahalli,Whitefield,0,13,1,13,1.0636339566839739
Marathahalli,Whitefield,0,14,1,13,1.0
Marathahalli,Whitefield,0,15,1,13,1.0223383551225287
Marathahalli,Whitefield,0,16,1,13,1.2501577238033426
Marathahalli,Whitefield,0,17,1,13,1.6605714541849863
Marathahalli,Whitefield,0,18,1,13,2.1327548648928376
Marathahalli,Whitefield,0,19,1,13,2.451458961635091
Marathahalli,Whitefield,0,20,1,13,2.162128334299613
Marathahalli,Whitefield,0,21,1,13,1.580297599538867
Marathahalli,Whitefield,0,22,1,13,1.1948520846517219
Marathahalli,Whitefield,0,23,1,13,1.1017852600975016
Marathahalli,Whitefield,1,0,1,13,1.023191572852922
Marathahalli,Whitefield,1,1,1,13,1.0
Marathahalli,Whitefield,1,2,1,13,1.0673860046914796
Marathahalli,Whitefield,1,3,1,13,1.0299195850119987
Marathahalli,Whitefield,1,4,1,13,1.0676394879793505
Marathahalli,Whitefield,1,5,1,13,1.0
Marathahalli,Whitefield,1,6,1,13,1.03892841747346
Marathahalli,Whitefield,1,7,1,13,1.1794711504075965
Marathahalli,Whitefield,1,8,1,13,1.6996441363945476
Marathahalli,Whitefield,1,9,1,13,1.7612272912658025
Marathahalli,Whitefield,1,10,1,13,1.6521744211590512
Marathahalli,Whitefield,1,11,1,13,1.2034322515982714
Marathahalli,Whitefield,1,12,1,13,1.061959510731169
Marathahalli,Whitefield,1,13,1,13,1.0
Marathahalli,Whitefield,1,14,1,13,1.0
Marathahalli,Whitefield,1,15,1,13,1.0830374177673292
Marathahalli,Whitefield,1,16,1,13,1.0701778491178242
Marathahalli,Whitefield,1,17,1,13,1.4061430704151698
Marathahalli,Whitefield,1,18,1,13,1.650246613869514
Marathahalli,Whitefield,1,19,1,13,1.7178024537508962
Marathahalli,Whitefield,1,20,1,13,1.6083048594756884
Marathahalli,Whitefield,1,21,1,13,1.3295784047288726
Marathahalli,Whitefield,1,22,1,13,1.1302886835010646
Marathahalli,Whitefield,1,23,1,13,1.0070242405928689
Hebbal,Malleshwaram,0,0,1,12,1.0
Hebbal,Malleshwaram,0,1,1,12,1.0
Hebbal,Malleshwaram,0,2,1,12,1.0
Hebbal,Malleshwaram,0,3,1,12,1.0
Hebbal,Malleshwaram,0,4,1,12,1.0
Hebbal,Malleshwaram,0,5,1,12,1.0564547917092872
Hebbal,Malleshwaram,0,6,1,12,1.0211927393624525
Hebbal,Malleshwaram,0,7,1,12,1.4288917796553118
Hebbal,Malleshwaram,0,8,1,12,2.0089524773289407
Hebbal,Malleshwaram,0,9,1,12,2.3511427327544654
Hebbal,Malleshwaram,0,10,1,12,2.084122358190193
Hebbal,Malleshwaram,0,11,1,12,1.402813104941167
Hebbal,Malleshwaram,0,12,1,12,1.1726740861796325
Hebbal,Malleshwaram,0,13,1,12,1.0
Hebbal,Malleshwaram,0,14,1,12,1.0307898455478475
Hebbal,Malleshwaram,0,15,1,12,1.0501807084854633
Hebbal,Malleshwaram,0,16,1,12,1.2036898911737708
Hebbal,Malleshwaram,0,17,1,12,1.6703504669805953
Hebbal,Malleshwaram,0,18,1,12,2.143859458759152
Hebbal,Malleshwaram,0,19,1,12,2.4301605290358808
Hebbal,Malleshwaram,0,20,1,12,2.1492440119972813
Hebbal,Malleshwaram,0,21,1,12,1.5866758937151881
Hebbal,Malleshwaram,0,22,1,12,1.2362868112918088
Hebbal,Malleshwaram,0,23,1,12,1.0641094655485774
Hebbal,Malleshwaram,1,0,1,12,1.0479231477241788
Hebbal,Malleshwaram,1,1,1,12,1.0
Hebbal,Malleshwaram,1,2,1,12,1.0
Hebbal,Malleshwaram,1,3,1,12,1.0
Hebbal,Malleshwaram,1,4,1,12,1.0330469916116913
Hebbal,Malleshwaram,1,5,1,12,1.0
Hebbal,Malleshwaram,1,6,1,12,1.0
Hebbal,Malleshwaram,1,7,1,12,1.2328331629314258
Hebbal,Malleshwaram,1,8,1,12,1.6280819058210956
Hebbal,Malleshwaram,1,9,1,12,1.693777655125566
Hebbal,Malleshwaram,1,10,1,12,1.5183959822855326
Hebbal,Malleshwaram,1,11,1,12,1.1986331296149713
Hebbal,Malleshwaram,1,12,1,12,1.0
Hebbal,Malleshwaram,1,13,1,12,1.0264230349104269
Hebbal,Malleshwaram,1,14,1,12,1.0
Hebbal,Malleshwaram,1,15,1,12,1.0
Hebbal,Malleshwaram,1,16,1,12,1.1619303098306646
Hebbal,Malleshwaram,1,17,1,12,1.314755961620005
Hebbal,Malleshwaram,1,18,1,12,1.6550237279661268
Hebbal,Malleshwaram,1,19,1,12,1.7214307414060068
Hebbal,Malleshwaram,1,20,1,12,1.5727777973362076
Hebbal,Malleshwaram,1,21,1,12,1.260759224104597
Hebbal,Malleshwaram,1,22,1,12,1.2258247897437762
Hebbal,Malleshwaram,1,23,1,12,1.0178184872834737
Hebbal,Yeshwantpur,0,0,1,10,1.0121966684521835
Hebbal,Yeshwantpur,0,1,1,10,1.0
Hebbal,Yeshwantpur,0,2,1,10,1.007998796029198
Hebbal,Yeshwantpur,0,3,1,10,1.0025174757092716
Hebbal,Yeshwantpur,0,4,1,10,1.0962696494047268
Hebbal,Yeshwantpur,0,5,1,10,1.0
Hebbal,Yeshwantpur,0,6,1,10,1.0197882193134118
Hebbal,Yeshwantpur,0,7,1,10,1.3781183886578958
Hebbal,Yeshwantpur,0,8,1,10,1.9747148365810783
Hebbal,Yeshwantpur,0,9,1,10,2.4373481072352967
Hebbal,Yeshwantpur,0,10,1,10,2.0824693860313497
Hebbal,Yeshwantpur,0,11,1,10,1.380655812138184
Hebbal,Yeshwantpur,0,12,1,10,1.028237213203239
Hebbal,Yeshwantpur,0,13,1,10,1.0
Hebbal,Yeshwantpur,0,14,1,10,1.0810209397603754
Hebbal,Yeshwantpur,0,15,1,10,1.0
Hebbal,Yeshwantpur,0,16,1,10,1.2677223200808827
Hebbal,Yeshwantpur,0,17,1,10,1.5871789534792784
Hebbal,Yeshwantpur,0,18,1,10,2.2036269447399564
Hebbal,Yeshwantpur,0,19,1,10,2.346103802956361
Hebbal,Yeshwantpur,0,20,1,10,2.1373377959973388
Hebbal,Yeshwantpur,0,21,1,10,1.5656527514482819
Hebbal,Yeshwantpur,0,22,1,10,1.1925273809263492
Hebbal,Yeshwantpur,0,23,1,10,1.1308036652250764
Hebbal,Yeshwantpur,1,0,1,10,1.041028934324622
Hebbal,Yeshwantpur,1,1,1,10,1.0
Hebbal,Yeshwantpur,1,2,1,10,1.0
Hebbal,Yeshwantpur,1,3,1,10,1.0
Hebbal,Yeshwantpur,1,4,1,10,1.0
Hebbal,Yeshwantpur,1,5,1,10,1.0052259316080425
Hebbal,Yeshwantpur,1,6,1,10,1.0495110106483523
Hebbal,Yeshwantpur,1,7,1,10,1.231104408246354
Hebbal,Yeshwantpur,1,8,1,10,1.516707176526607
Hebbal,Yeshwantpur,1,9,1,10,1.766686308267879
Hebbal,Yeshwantpur,1,10,1,10,1.5708640925781987
Hebbal,Yeshwantpur,1,11,1,10,1.3003249760577942
Hebbal,Yeshwantpur,1,12,1,10,1.147104123832132
Hebbal,Yeshwantpur,1,13,1,10,1.0006021891478079
Hebbal,Yeshwantpur,1,14,1,10,1.0
Hebbal,Yeshwantpur,1,15,1,10,1.0306005658592297
Hebbal,Yeshwantpur,1,16,1,10,1.1023839761338272
Hebbal,Yeshwantpur,1,17,1,10,1.3154100023811268
Hebbal,Yeshwantpur,1,18,1,10,1.6304522154809837
Hebbal,Yeshwantpur,1,19,1,10,1.7178347784424932
Hebbal,Yeshwantpur,1,20,1,10,1.663690060604723
Hebbal,Yeshwantpur,1,21,1,10,1.3473359111049392
Hebbal,Yeshwantpur,1,22,1,10,1.1452650657411874
Hebbal,Yeshwantpur,1,23,1,10,1.02468443709149
Hebbal,Yelahanka,0,0,1,14,1.0
Hebbal,Yelahanka,0,1,1,14,1.0
Hebbal,Yelahanka,0,2,1,14,1.0
Hebbal,Yelahanka,0,3,1,14,1.0
Hebbal,Yelahanka,0,4,1,14,1.0125538641050706
Hebbal,Yelahanka,0,5,1,14,1.012089495271677
Hebbal,Yelahanka,0,6,1,14,1.0295459872221842
Hebbal,Yelahanka,0,7,1,14,1.4320724370535312
Hebbal,Yelahanka,0,8,1,14,1.9743072662119678
Hebbal,Yelahanka,0,9,1,14,2.3691761233352358
Hebbal,Yelahanka,0,10,1,14,2.0267327950935696
Hebbal,Yelahanka,0,11,1,14,1.324957925500135
Hebbal,Yelahanka,0,12,1,14,1.1023343744193876
Hebbal,Yelahanka,0,13,1,14,1.0210976047469846
Hebbal,Yelahanka,0,14,1,14,1.0035635361953221
Hebbal,Yelahanka,0,15,1,14,1.0403289951897436
Hebbal,Yelahanka,0,16,1,14,1.222710798624682
Hebbal,Yelahanka,0,17,1,14,1.5921397414211549
Hebbal,Yelahanka,0,18,1,14,2.138123568926452
Hebbal,Yelahanka,0,19,1,14,2.372369409824455
Hebbal,Yelahanka,0,20,1,14,2.156192856992501
Hebbal,Yelahanka,0,21,1,14,1.5807599020030172
Hebbal,Yelahanka,0,22,1,14,1.2531697689018113
Hebbal,Yelahanka,0,23,1,14,1.0686726517466538
Hebbal,Yelahanka,1,0,1,14,1.0
Hebbal,Yelahanka,1,1,1,14,1.0
Hebbal,Yelahanka,1,2,1,14,1.0276173841218648
Hebbal,Yelahanka,1,3,1,14,1.0
Hebbal,Yelahanka,1,4,1,14,1.0234950055017815
Hebbal,Yelahanka,1,5,1,14,1.0189229675468758
Hebbal,Yelahanka,1,6,1,14,1.067882543166807
Hebbal,Yelahanka,1,7,1,14,1.2549596342667964
Hebbal,Yelahanka,1,8,1,14,1.5401154375583108
Hebbal,Yelahanka,1,9,1,14,1.757026999621088
Hebbal,Yelahanka,1,10,1,14,1.6046506781157714
Hebbal,Yelahanka,1,11,1,14,1.2573288363717907
Hebbal,Yelahanka,1,12,1,14,1.0641030893866463
Hebbal,Yelahanka,1,13,1,14,1.0
Hebbal,Yelahanka,1,14,1,14,1.033199965970766
Hebbal,Yelahanka,1,15,1,14,1.0923232219469832
Hebbal,Yelahanka,1,16,1,14,1.1832486145486918
Hebbal,Yelahanka,1,17,1,14,1.3642255956068945
Hebbal,Yelahanka,1,18,1,14,1.5555007928968811
Hebbal,Yelahanka,1,19,1,14,1.81712724071151
Hebbal,Yelahanka,1,20,1,14,1.6260219912109837
Hebbal,Yelahanka,1,21,1,14,1.225905706160795
Hebbal,Yelahanka,1,22,1,14,1.1516250205535499
Hebbal,Yelahanka,1,23,1,14,1.0
Hebbal,RTNagar,0,0,1,7,1.0
Hebbal,RTNagar,0,1,1,7,1.0
Hebbal,RTNagar,0,2,1,7,1.0636302670729791
Hebbal,RTNagar,0,3,1,7,1.0
Hebbal,RTNagar,0,4,1,7,1.0144083768314278
Hebbal,RTNagar,0,5,1,7,1.0997094786191703
Hebbal,RTNagar,0,6,1,7,1.1773628127511102
Hebbal,RTNagar,0,7,1,7,1.4235487012907455
Hebbal,RTNagar,0,8,1,7,2.02937423596598
Hebbal,RTNagar,0,9,1,7,2.3369564729067225
Hebbal,RTNagar,0,10,1,7,2.0067275718453823
Hebbal,RTNagar,0,11,1,7,1.4499895067763389
Hebbal,RTNagar,0,12,1,7,1.1175455401168708
Hebbal,RTNagar,0,13,1,7,1.0190603488199659
Hebbal,RTNagar,0,14,1,7,1.061204828744752
Hebbal,RTNagar,0,15,1,7,1.0229264581616644
Hebbal,RTNagar,0,16,1,7,1.2385871556209158
Hebbal,RTNagar,0,17,1,7,1.6775288642764483
Hebbal,RTNagar,0,18,1,7,2.1808158827242883
Hebbal,RTNagar,0,19,1,7,2.4535472887868193
Hebbal,RTNagar,0,20,1,7,2.171459607696384
Hebbal,RTNagar,0,21,1,7,1.6254965787004183
Hebbal,RTNagar,0,22,1,7,1.259499886464374
Hebbal,RTNagar,0,23,1,7,1.011381947253565
Hebbal,RTNagar,1,0,1,7,1.0
Hebbal,RTNagar,1,1,1,7,1.029033593649155
Hebbal,RTNagar,1,2,1,7,1.0
Hebbal,RTNagar,1,3,1,7,1.0154387147781547
Hebbal,RTNagar,1,4,1,7,1.0
Hebbal,RTNagar,1,5,1,7,1.0
Hebbal,RTNagar,1,6,1,7,1.0237208728535
Hebbal,RTNagar,1,7,1,7,1.192583398908329
Hebbal,RTNagar,1,8,1,7,1.4600469075648301
Hebbal,RTNagar,1,9,1,7,1.7532563284293075
Hebbal,RTNagar,1,10,1,7,1.6176629759632635
Hebbal,RTNagar,1,11,1,7,1.2548467602608222
Hebbal,RTNagar,1,12,1,7,1.0237201206312236
Hebbal,RTNagar,1,13,1,7,1.0067078419111826
Hebbal,RTNagar,1,14,1,7,1.0441456142385062
Hebbal,RTNagar,1,15,1,7,1.0
Hebbal,RTNagar,1,16,1,7,1.1265382125562171
Hebbal,RTNagar,1,17,1,7,1.3796917005275111
Hebbal,RTNagar,1,18,1,7,1.6674911543387996
Hebbal,RTNagar,1,19,1,7,1.8550365103506106
Hebbal,RTNagar,1,20,1,7,1.690137007001796
Hebbal,RTNagar,1,21,1,7,1.3681598303014555
Hebbal,RTNagar,1,22,1,7,1.147863450703961
Hebbal,RTNagar,1,23,1,7,1.0731787062897535
Hebbal,Airport,0,0,1,35,1.0
Hebbal,Airport,0,1,1,35,1.0
Hebbal,Airport,0,2,1,35,1.0453126583327617
Hebbal,Airport,0,3,1,35,1.0979054124853076
Hebbal,Airport,0,4,1,35,1.0
Hebbal,Airport,0,5,1,35,1.0098910459650656
Hebbal,Airport,0,6,1,35,1.1075853343077047
Hebbal,Airport,0,7,1,35,1.4958765567825165
Hebbal,Airport,0,8,1,35,2.039934621889548
Hebbal,Airport,0,9,1,35,2.473467956434757
Hebbal,Airport,0,10,1,35,1.9931176146830243
Hebbal,Airport,0,11,1,35,1.4194197746088506
Hebbal,Airport,0,12,1,35,1.0878507441921121
Hebbal,Airport,0,13,1,35,1.052873723466079
Hebbal,Airport,0,14,1,35,1.0637277647154697
Hebbal,Airport,0,15,1,35,1.0
Hebbal,Airport,0,16,1,35,1.1956351003395278
Hebbal,Airport,0,17,1,35,1.6578093387905308
Hebbal,Airport,0,18,1,35,2.1186739051186017
Hebbal,Airport,0,19,1,35,2.3238786112178165
Hebbal,Airport,0,20,1,35,2.203532585959305
Hebbal,Airport,0,21,1,35,1.6656652106879424
Hebbal,Airport,0,22,1,35,1.2660491482942915
Hebbal,Airport,0,23,1,35,1.0377394212504656
Hebbal,Airport,1,0,1,35,1.051446922638485
Hebbal,Airport,1,1,1,35,1.0
Hebbal,Airport,1,2,1,35,1.0548221533895068
Hebbal,Airport,1,3,1,35,1.0
Hebbal,Airport,1,4,1,35,1.0
Hebbal,Airport,1,5,1,35,1.0170042547672422
Hebbal,Airport,1,6,1,35,1.0185971212502234
Hebbal,Airport,1,7,1,35,1.269566557913604
Hebbal,Airport,1,8,1,35,1.585802045094406
Hebbal,Airport,1,9,1,35,1.723851441643005
Hebbal,Airport,1,10,1,35,1.576441041602209
Hebbal,Airport,1,11,1,35,1.2182329897582669
Hebbal,Airport,1,12,1,35,1.0995590925733663
Hebbal,Airport,1,13,1,35,1.0
Hebbal,Airport,1,14,1,35,1.0
Hebbal,Airport,1,15,1,35,1.0944115176161446
Hebbal,Airport,1,16,1,35,1.2446947093586747
Hebbal,Airport,1,17,1,35,1.452482126379836
Hebbal,Airport,1,18,1,35,1.6365458736601213
Hebbal,Airport,1,19,1,35,1.7809427353535203
Hebbal,Airport,1,20,1,35,1.710057656161105
Hebbal,Airport,1,21,1,35,1.3463099482519116
Hebbal,Airport,1,22,1,35,1.0839471935413214
Hebbal,Airport,1,23,1,35,1.0396752187618385
Yeshwantpur,Malleshwaram,0,0,0,8,1.0225758390578992
Yeshwantpur,Malleshwaram,0,1,0,8,1.0
Yeshwantpur,Malleshwaram,0,2,0,8,1.0
Yeshwantpur,Malleshwaram,0,3,0,8,1.0
Yeshwantpur,Malleshwaram,0,4,0,8,1.0337622056055262
Yeshwantpur,Malleshwaram,0,5,0,8,1.0
Yeshwantpur,Malleshwaram,0,6,0,8,1.048739116591913
Yeshwantpur,Malleshwaram,0,7,0,8,1.255608718263814
Yeshwantpur,Malleshwaram,0,8,0,8,1.626071493708453
Yeshwantpur,Malleshwaram,0,9,0,8,1.7832548626992977
Yeshwantpur,Malleshwaram,0,10,0,8,1.6200503424837225
Yeshwantpur,Malleshwaram,0,11,0,8,1.2004807507629296
Yeshwantpur,Malleshwaram,0,12,0,8,1.0377765855883214
Yeshwantpur,Malleshwaram,0,13,0,8,1.0
Yeshwantpur,Malleshwaram,0,14,0,8,1.0631396441704135
Yeshwantpur,Malleshwaram,0,15,0,8,1.033814329347121
Yeshwantpur,Malleshwaram,0,16,0,8,1.1009723294071072
Yeshwantpur,Malleshwaram,0,17,0,8,1.3486481042977185
Yeshwantpur,Malleshwaram,0,18,0,8,1.6469756259140607
Yeshwantpur,Malleshwaram,0,19,0,8,1.835025989566364
Yeshwantpur,Malleshwaram,0,20,0,8,1.5782802410096701
Yeshwantpur,Malleshwaram,0,21,0,8,1.3144063973360205
Yeshwantpur,Malleshwaram,0,22,0,8,1.1190319365371275
Yeshwantpur,Malleshwaram,0,23,0,8,1.1617648385371162
Yeshwantpur,Malleshwaram,1,0,0,8,1.0477839446438106
Yeshwantpur,Malleshwaram,1,1,0,8,1.0
Yeshwantpur,Malleshwaram,1,2,0,8,1.0356002016910328
Yeshwantpur,Malleshwaram,1,3,0,8,1.1028822275999763
Yeshwantpur,Malleshwaram,1,4,0,8,1.0
Yeshwantpur,Malleshwaram,1,5,0,8,1.0
Yeshwantpur,Malleshwaram,1,6,0,8,1.0912907363268527
Yeshwantpur,Malleshwaram,1,7,0,8,1.1594482061324545
Yeshwantpur,Malleshwaram,1,8,0,8,1.3608796051306724
Yeshwantpur,Malleshwaram,1,9,0,8,1.4145888814852052
Yeshwantpur,Malleshwaram,1,10,0,8,1.423523163219968
Yeshwantpur,Malleshwaram,1,11,0,8,1.2202206110326175
Yeshwantpur,Malleshwaram,1,12,0,8,1.0590216472233598
Yeshwantpur,Malleshwaram,1,13,0,8,1.0384725721894748
Yeshwantpur,Malleshwaram,1,14,0,8,1.0
Yeshwantpur,Malleshwaram,1,15,0,8,1.0512281595876192
Yeshwantpur,Malleshwaram,1,16,0,8,1.0661603077224762
Yeshwantpur,Malleshwaram,1,17,0,8,1.223141967101948
Yeshwantpur,Malleshwaram,1,18,0,8,1.3960570980649283
Yeshwantpur,Malleshwaram,1,19,0,8,1.4229354115946486
Yeshwantpur,Malleshwaram,1,20,0,8,1.2774100374460584
Yeshwantpur,Malleshwaram,1,21,0,8,1.219840407433222
Yeshwantpur,Malleshwaram,1,22,0,8,1.0387963318912314
Yeshwantpur,Malleshwaram,1,23,0,8,1.0028225461580822
Yeshwantpur,Rajajinagar,0,0,0,7,1.0
Yeshwantpur,Rajajinagar,0,1,0,7,1.0
Yeshwantpur,Rajajinagar,0,2,0,7,1.0
Yeshwantpur,Rajajinagar,0,3,0,7,1.0608663002133205
Yeshwantpur,Rajajinagar,0,4,0,7,1.0131580465132335
Yeshwantpur,Rajajinagar,0,5,0,7,1.0626048662496912
Yeshwantpur,Rajajinagar,0,6,0,7,1.1547985627009656
Yeshwantpur,Rajajinagar,0,7,0,7,1.2461104401750596
Yeshwantpur,Rajajinagar,0,8,0,7,1.5049926369616888
Yeshwantpur,Rajajinagar,0,9,0,7,1.7553056601159922
Yeshwantpur,Rajajinagar,0,10,0,7,1.5347693334148569
Yeshwantpur,Rajajinagar,0,11,0,7,1.2198900332117217
Yeshwantpur,Rajajinagar,0,12,0,7,1.0598446857755208
Yeshwantpur,Rajajinagar,0,13,0,7,1.0
Yeshwantpur,Rajajinagar,0,14,0,7,1.0236750580193952
Yeshwantpur,Rajajinagar,0,15,0,7,1.0
Yeshwantpur,Rajajinagar,0,16,0,7,1.1528059669286228
Yeshwantpur,Rajajinagar,0,17,0,7,1.3607921369421268
Yeshwantpur,Rajajinagar,0,18,0,7,1.6423804879905954
Yeshwantpur,Rajajinagar,0,19,0,7,1.7963478472030479
Yeshwantpur,Rajajinagar,0,20,0,7,1.6310731491323474
Yeshwantpur,Rajajinagar,0,21,0,7,1.3356431172470828
Yeshwantpur,Rajajinagar,0,22,0,7,1.053799479571558
Yeshwantpur,Rajajinagar,0,23,0,7,1.0336681811562596
Yeshwantpur,Rajajinagar,1,0,0,7,1.0922766855483768
Yeshwantpur,Rajajinagar,1,1,0,7,1.0990247557752568
Yeshwantpur,Rajajinagar,1,2,0,7,1.066091102397738
Yeshwantpur,Rajajinagar,1,3,0,7,1.0353004991610375
Yeshwantpur,Rajajinagar,1,4,0,7,1.0
Yeshwantpur,Rajajinagar,1,5,0,7,1.0760067361178745
Yeshwantpur,Rajajinagar,1,6,0,7,1.0278871814437096
Yeshwantpur,Rajajinagar,1,7,0,7,1.1312956557376534
Yeshwantpur,Rajajinagar,1,8,0,7,1.3127515907725813
Yeshwantpur,Rajajinagar,1,9,0,7,1.444598096400149
Yeshwantpur,Rajajinagar,1,10,0,7,1.305552261523428
Yeshwantpur,Rajajinagar,1,11,0,7,1.130551962484279
Yeshwantpur,Rajajinagar,1,12,0,7,1.0
Yeshwantpur,Rajajinagar,1,13,0,7,1.0
Yeshwantpur,Rajajinagar,1,14,0,7,1.117631029341266
Yeshwantpur,Rajajinagar,1,15,0,7,1.0158629685146614
Yeshwantpur,Rajajinagar,1,16,0,7,1.0639327088451542
Yeshwantpur,Rajajinagar,1,17,0,7,1.2280653957657894
Yeshwantpur,Rajajinagar,1,18,0,7,1.3973402185577963
Yeshwantpur,Rajajinagar,1,19,0,7,1.3843115570414586
Yeshwantpur,Rajajinagar,1,20,0,7,1.3515761883152504
Yeshwantpur,Rajajinagar,1,21,0,7,1.2473604712262487
Yeshwantpur,Rajajinagar,1,22,0,7,1.0893573959668565
Yeshwantpur,Rajajinagar,1,23,0,7,1.0254299529693878
Majestic,MGRoad,0,0,1,10,1.0777008834851987
Majestic,MGRoad,0,1,1,10,1.0
Majestic,MGRoad,0,2,1,10,1.0041380029342166
Majestic,MGRoad,0,3,1,10,1.0
Majestic,MGRoad,0,4,1,10,1.075374208898404
Majestic,MGRoad,0,5,1,10,1.0
Majestic,MGRoad,0,6,1,10,1.0641542398441326
Majestic,MGRoad,0,7,1,10,1.4022585237807177
Majestic,MGRoad,0,8,1,10,2.074627268227585
Majestic,MGRoad,0,9,1,10,2.430313778416676
Majestic,MGRoad,0,10,1,10,2.1112101885663983
Majestic,MGRoad,0,11,1,10,1.3500199472788341
Majestic,MGRoad,0,12,1,10,1.1352827524779125
Majestic,MGRoad,0,13,1,10,1.0
Majestic,MGRoad,0,14,1,10,1.0
Majestic,MGRoad,0,15,1,10,1.0885232854819495
Majestic,MGRoad,0,16,1,10,1.1953840024933065
Majestic,MGRoad,0,17,1,10,1.5371210500859915
Majestic,MGRoad,0,18,1,10,2.133097662966761
Majestic,MGRoad,0,19,1,10,2.325111457418103
Majestic,MGRoad,0,20,1,10,2.119162796304597
Majestic,MGRoad,0,21,1,10,1.659544444667815
Majestic,MGRoad,0,22,1,10,1.256990260731962
Majestic,MGRoad,0,23,1,10,1.1408566795216988
Majestic,MGRoad,1,0,1,10,1.0
Majestic,MGRoad,1,1,1,10,1.0
Majestic,MGRoad,1,2,1,10,1.0
Majestic,MGRoad,1,3,1,10,1.0
Majestic,MGRoad,1,4,1,10,1.0
Majestic,MGRoad,1,5,1,10,1.0285394539881294
Majestic,MGRoad,1,6,1,10,1.0214521116418145
Majestic,MGRoad,1,7,1,10,1.136925363810812
Majestic,MGRoad,1,8,1,10,1.6076437980439138
Majestic,MGRoad,1,9,1,10,1.7644286741008246
Majestic,MGRoad,1,10,1,10,1.590639625472581
Majestic,MGRoad,1,11,1,10,1.2410829514026345
Majestic,MGRoad,1,12,1,10,1.0853501878219325
Majestic,MGRoad,1,13,1,10,1.0093525778444743
Majestic,MGRoad,1,14,1,10,1.0681157344005163
Majestic,MGRoad,1,15,1,10,1.055098811846189
Majestic,MGRoad,1,16,1,10,1.152368421065969
Majestic,MGRoad,1,17,1,10,1.3730250390525671
Majestic,MGRoad,1,18,1,10,1.560552835948655
Majestic,MGRoad,1,19,1,10,1.761768212409923
Majestic,MGRoad,1,20,1,10,1.6204188985694972
Majestic,MGRoad,1,21,1,10,1.3629090246221673
Majestic,MGRoad,1,22,1,10,1.0648299421833751
Majestic,MGRoad,1,23,1,10,1.1155371777346692
Majestic,Rajajinagar,0,0,1,8,1.0052194332625883
Majestic,Rajajinagar,0,1,1,8,1.0
Majestic,Rajajinagar,0,2,1,8,1.0
Majestic,Rajajinagar,0,3,1,8,1.0
Majestic,Rajajinagar,0,4,1,8,1.0
Majestic,Rajajinagar,0,5,1,8,1.0
Majestic,Rajajinagar,0,6,1,8,1.1022670160145167
Majestic,Rajajinagar,0,7,1,8,1.3966575837201356
Majestic,Rajajinagar,0,8,1,8,2.0690331996543208
Majestic,Rajajinagar,0,9,1,8,2.3637729136917556
Majestic,Rajajinagar,0,10,1,8,2.0395254642992153
Majestic,Rajajinagar,0,11,1,8,1.4776635480638074
Majestic,Rajajinagar,0,12,1,8,1.2263424461719032
Majestic,Rajajinagar,0,13,1,8,1.0
Majestic,Rajajinagar,0,14,1,8,1.0
Majestic,Rajajinagar,0,15,1,8,1.0195530739233267
Majestic,Rajajinagar,0,16,1,8,1.2806073977185528
Majestic,Rajajinagar,0,17,1,8,1.5835617495658296
Majestic,Rajajinagar,0,18,1,8,2.1273907351332384
Majestic,Rajajinagar,0,19,1,8,2.398519935838323
Majestic,Rajajinagar,0,20,1,8,2.1026746603841437
Majestic,Rajajinagar,0,21,1,8,1.5931004543648009
Majestic,Rajajinagar,0,22,1,8,1.2176091290451607
Majestic,Rajajinagar,0,23,1,8,1.0
Majestic,Rajajinagar,1,0,1,8,1.0
Majestic,Rajajinagar,1,1,1,8,1.0
Majestic,Rajajinagar,1,2,1,8,1.007411921315459
Majestic,Rajajinagar,1,3,1,8,1.0
Majestic,Rajajinagar,1,4,1,8,1.0
Majestic,Rajajinagar,1,5,1,8,1.0
Majestic,Rajajinagar,1,6,1,8,1.0936356105653853
Majestic,Rajajinagar,1,7,1,8,1.2635872802447286
Majestic,Rajajinagar,1,8,1,8,1.5688602648115615
Majestic,Rajajinagar,1,9,1,8,1.7256315087812497
Majestic,Rajajinagar,1,10,1,8,1.6043585801025644
Majestic,Rajajinagar,1,11,1,8,1.206850425107138
Majestic,Rajajinagar,1,12,1,8,1.0
Majestic,Rajajinagar,1,13,1,8,1.0
Majestic,Rajajinagar,1,14,1,8,1.0787228748153133
Majestic,Rajajinagar,1,15,1,8,1.0448586742574124
Majestic,Rajajinagar,1,16,1,8,1.1907273925489341
Majestic,Rajajinagar,1,17,1,8,1.3285648775029708
Majestic,Rajajinagar,1,18,1,8,1.6802921900363479
Majestic,Rajajinagar,1,19,1,8,1.7399247978192052
Majestic,Rajajinagar,1,20,1,8,1.6255133545953304
Majestic,Rajajinagar,1,21,1,8,1.476849201561928
Majestic,Rajajinagar,1,22,1,8,1.1711220820131705
Majestic,Rajajinagar,1,23,1,8,1.008772920123639
Majestic,Malleshwaram,0,0,1,7,1.0
Majestic,Malleshwaram,0,1,1,7,1.0163111794157298
Majestic,Malleshwaram,0,2,1,7,1.0605235876546302
Majestic,Malleshwaram,0,3,1,7,1.0
Majestic,Malleshwaram,0,4,1,7,1.0
Majestic,Malleshwaram,0,5,1,7,1.0
Majestic,Malleshwaram,0,6,1,7,1.0984305974765085
Majestic,Malleshwaram,0,7,1,7,1.4341932705188756
Majestic,Malleshwaram,0,8,1,7,2.1072847938781387
Majestic,Malleshwaram,0,9,1,7,2.4158343585264963
Majestic,Malleshwaram,0,10,1,7,2.082096324136261
Majestic,Malleshwaram,0,11,1,7,1.3736659046994601
Majestic,Malleshwaram,0,12,1,7,1.141154076447616
Majestic,Malleshwaram,0,13,1,7,1.1183594288440821
Majestic,Malleshwaram,0,14,1,7,1.0501102103790647
Majestic,Malleshwaram,0,15,1,7,1.0742226448103593
Majestic,Malleshwaram,0,16,1,7,1.249090391050476
Majestic,Malleshwaram,0,17,1,7,1.730323826803008
Majestic,Malleshwaram,0,18,1,7,2.1052495132433493
Majestic,Malleshwaram,0,19,1,7,2.394444882102496
Majestic,Malleshwaram,0,20,1,7,2.1746189670050415
Majestic,Malleshwaram,0,21,1,7,1.67816676187092
Majestic,Malleshwaram,0,22,1,7,1.2195238781658349
Majestic,Malleshwaram,0,23,1,7,1.0768777768091322
Majestic,Malleshwaram,1,0,1,7,1.0
Majestic,Malleshwaram,1,1,1,7,1.0060235612443602
Majestic,Malleshwaram,1,2,1,7,1.0
Majestic,Malleshwaram,1,3,1,7,1.0
Majestic,Malleshwaram,1,4,1,7,1.0
Majestic,Malleshwaram,1,5,1,7,1.050628670340449
Majestic,Malleshwaram,1,6,1,7,1.0053628139629927
Majestic,Malleshwaram,1,7,1,7,1.2237394172064209
Majestic,Malleshwaram,1,8,1,7,1.6060366611108106
Majestic,Malleshwaram,1,9,1,7,1.7165067471988014
Majestic,Malleshwaram,1,10,1,7,1.5819296784303618
Majestic,Malleshwaram,1,11,1,7,1.1827903832199635
Majestic,Malleshwaram,1,12,1,7,1.1104989761562025
Majestic,Malleshwaram,1,13,1,7,1.1230927095876906
Majestic,Malleshwaram,1,14,1,7,1.107418374438894
Majestic,Malleshwaram,1,15,1,7,1.022890638458671
Majestic,Malleshwaram,1,16,1,7,1.1697749963335804
Majestic,Malleshwaram,1,17,1,7,1.358581579593447
Majestic,Malleshwaram,1,18,1,7,1.638490017880555
Majestic,Malleshwaram,1,19,1,7,1.8473878530470005
Majestic,Malleshwaram,1,20,1,7,1.5674257442377644
Majestic,Malleshwaram,1,21,1,7,1.405296418437449
Majestic,Malleshwaram,1,22,1,7,1.130315850640403
Majestic,Malleshwaram,1,23,1,7,1.1042584699202307
Majestic,Basavanagudi,0,0,1,8,1.0093616684997342
Majestic,Basavanagudi,0,1,1,8,1.0
Majestic,Basavanagudi,0,2,1,8,1.013857727016404
Majestic,Basavanagudi,0,3,1,8,1.036831506492037
Majestic,Basavanagudi,0,4,1,8,1.0026469811501517
Majestic,Basavanagudi,0,5,1,8,1.036712994259389
Majestic,Basavanagudi,0,6,1,8,1.0715775658332216
Majestic,Basavanagudi,0,7,1,8,1.32202217703986
Majestic,Basavanagudi,0,8,1,8,2.0864514662576727
Majestic,Basavanagudi,0,9,1,8,2.434957991420414
Majestic,Basavanagudi,0,10,1,8,2.0488593947851785
Majestic,Basavanagudi,0,11,1,8,1.4321421175062166
Majestic,Basavanagudi,0,12,1,8,1.1495737904941254
Majestic,Basavanagudi,0,13,1,8,1.0
Majestic,Basavanagudi,0,14,1,8,1.0
Majestic,Basavanagudi,0,15,1,8,1.052117365338524
Majestic,Basavanagudi,0,16,1,8,1.3008458410576655
Majestic,Basavanagudi,0,17,1,8,1.5716110696384835
Majestic,Basavanagudi,0,18,1,8,2.211200087043593
Majestic,Basavanagudi,0,19,1,8,2.3680373572899227
Majestic,Basavanagudi,0,20,1,8,2.09657141237193
Majestic,Basavanagudi,0,21,1,8,1.703969798287376
Majestic,Basavanagudi,0,22,1,8,1.2365457687114443
Majestic,Basavanagudi,0,23,1,8,1.0
Majestic,Basavanagudi,1,0,1,8,1.0
Majestic,Basavanagudi,1,1,1,8,1.0465526261486482
Majestic,Basavanagudi,1,2,1,8,1.0596040991294478
Majestic,Basavanagudi,1,3,1,8,1.0
Majestic,Basavanagudi,1,4,1,8,1.0207883765493893
Majestic,Basavanagudi,1,5,1,8,1.042475325857079
Majestic,Basavanagudi,1,6,1,8,1.0214824038542587
Majestic,Basavanagudi,1,7,1,8,1.2535458084034847
Majestic,Basavanagudi,1,8,1,8,1.571203762150175
Majestic,Basavanagudi,1,9,1,8,1.7431987820125052
Majestic,Basavanagudi,1,10,1,8,1.5481903647860078
Majestic,Basavanagudi,1,11,1,8,1.2391485982609958
Majestic,Basavanagudi,1,12,1,8,1.0552601254624454
Majestic,Basavanagudi,1,13,1,8,1.0
Majestic,Basavanagudi,1,14,1,8,1.0
Majestic,Basavanagudi,1,15,1,8,1.0895165342643447
Majestic,Basavanagudi,1,16,1,8,1.143456396655398
Majestic,Basavanagudi,1,17,1,8,1.3967864114978534
Majestic,Basavanagudi,1,18,1,8,1.6934758346739618
Majestic,Basavanagudi,1,19,1,8,1.7994421129820866
Majestic,Basavanagudi,1,20,1,8,1.7469290387160936
Majestic,Basavanagudi,1,21,1,8,1.3112664869759485
Majestic,Basavanagudi,1,22,1,8,1.1731851300523042
Majestic,Basavanagudi,1,23,1,8,1.017924240238469
MGRoad,Indiranagar,0,0,0,7,1.0927891631998565
MGRoad,Indiranagar,0,1,0,7,1.0850220108533055
MGRoad,Indiranagar,0,2,0,7,1.0
MGRoad,Indiranagar,0,3,0,7,1.0
MGRoad,Indiranagar,0,4,0,7,1.0337063869366268
MGRoad,Indiranagar,0,5,0,7,1.0465282635979718
MGRoad,Indiranagar,0,6,0,7,1.0926346820184327
MGRoad,Indiranagar,0,7,0,7,1.2414375176382548
MGRoad,Indiranagar,0,8,0,7,1.6178704909818913
MGRoad,Indiranagar,0,9,0,7,1.8326510744242877
MGRoad,Indiranagar,0,10,0,7,1.5912209939828261
MGRoad,Indiranagar,0,11,0,7,1.296348863787053
MGRoad,Indiranagar,0,12,0,7,1.0
MGRoad,Indiranagar,0,13,0,7,1.0394316401277957
MGRoad,Indiranagar,0,14,0,7,1.0
MGRoad,Indiranagar,0,15,0,7,1.08310238114894
MGRoad,Indiranagar,0,16,0,7,1.1265034825440623
MGRoad,Indiranagar,0,17,0,7,1.3218273306467745
MGRoad,Indiranagar,0,18,0,7,1.6767571577874365
MGRoad,Indiranagar,0,19,0,7,1.7544333251078252
MGRoad,Indiranagar,0,20,0,7,1.6124236550411624
MGRoad,Indiranagar,0,21,0,7,1.287901971619637
MGRoad,Indiranagar,0,22,0,7,1.1366019113750967
MGRoad,Indiranagar,0,23,0,7,1.0599907229832677
MGRoad,Indiranagar,1,0,0,7,1.051151299323773
MGRoad,Indiranagar,1,1,0,7,1.0
MGRoad,Indiranagar,1,2,0,7,1.0523929829928733
MGRoad,Indiranagar,1,3,0,7,1.0009084678751996
MGRoad,Indiranagar,1,4,0,7,1.0
MGRoad,Indiranagar,1,5,0,7,1.0325473440999509
MGRoad,Indiranagar,1,6,0,7,1.0836131979720458
MGRoad,Indiranagar,1,7,0,7,1.1176677085028777
MGRoad,Indiranagar,1,8,0,7,1.3151248662667467
MGRoad,Indiranagar,1,9,0,7,1.4319584312142424
MGRoad,Indiranagar,1,10,0,7,1.3314514629524228
MGRoad,Indiranagar,1,11,0,7,1.0897206604726768
MGRoad,Indiranagar,1,12,0,7,1.0821245607830365
MGRoad,Indiranagar,1,13,0,7,1.0
MGRoad,Indiranagar,1,14,0,7,1.026725378682668
MGRoad,Indiranagar,1,15,0,7,1.0
MGRoad,Indiranagar,1,16,0,7,1.093805934724187
MGRoad,Indiranagar,1,17,0,7,1.2210263325980535
MGRoad,Indiranagar,1,18,0,7,1.3409000571327567
MGRoad,Indiranagar,1,19,0,7,1.5410444716499194
MGRoad,Indiranagar,1,20,0,7,1.3804861255175078
MGRoad,Indiranagar,1,21,0,7,1.2902931253283796
MGRoad,Indiranagar,1,22,0,7,1.1238224607081575
MGRoad,Indiranagar,1,23,0,7,1.0
MGRoad,Domlur,0,0,0,9,1.0
MGRoad,Domlur,0,1,0,9,1.0218051081515458
MGRoad,Domlur,0,2,0,9,1.0030590312655574
MGRoad,Domlur,0,3,0,9,1.0024920009396912
MGRoad,Domlur,0,4,0,9,1.0
MGRoad,Domlur,0,5,0,9,1.0
MGRoad,Domlur,0,6,0,9,1.0445348390394342
MGRoad,Domlur,0,7,0,9,1.134074710850784
MGRoad,Domlur,0,8,0,9,1.6137054281929644
MGRoad,Domlur,0,9,0,9,1.7636971132635861
MGRoad,Domlur,0,10,0,9,1.5593437211510852
MGRoad,Domlur,0,11,0,9,1.2340185755874729
MGRoad,Domlur,0,12,0,9,1.0694959041870153
MGRoad,Domlur,0,13,0,9,1.0
MGRoad,Domlur,0,14,0,9,1.0
MGRoad,Domlur,0,15,0,9,1.0
MGRoad,Domlur,0,16,0,9,1.035851327578686
MGRoad,Domlur,0,17,0,9,1.3179242137065108
MGRoad,Domlur,0,18,0,9,1.7376062014763727
MGRoad,Domlur,0,19,0,9,1.7471707041752609
MGRoad,Domlur,0,20,0,9,1.6906323086639412
MGRoad,Domlur,0,21,0,9,1.2976849490040347
MGRoad,Domlur,0,22,0,9,1.1528933067436269
MGRoad,Domlur,0,23,0,9,1.019162856288092
MGRoad,Domlur,1,0,0,9,1.0
MGRoad,Domlur,1,1,0,9,1.0284388823494035
MGRoad,Domlur,1,2,0,9,1.0878122288363
MGRoad,Domlur,1,3,0,9,1.0097457366101232
MGRoad,Domlur,1,4,0,9,1.0064878553381051
MGRoad,Domlur,1,5,0,9,1.0
MGRoad,Domlur,1,6,0,9,1.0598605419323746
MGRoad,Domlur,1,7,0,9,1.1224358146985436
MGRoad,Domlur,1,8,0,9,1.3689132995099662
MGRoad,Domlur,1,9,0,9,1.4378146789249855
MGRoad,Domlur,1,10,0,9,1.4143557917933234
MGRoad,Domlur,1,11,0,9,1.035595245796061
MGRoad,Domlur,1,12,0,9,1.0158942897719685
MGRoad,Domlur,1,13,0,9,1.0483321622221757
MGRoad,Domlur,1,14,0,9,1.0
MGRoad,Domlur,1,15,0,9,1.0
MGRoad,Domlur,1,16,0,9,1.0625717067967633
MGRoad,Domlur,1,17,0,9,1.1324502444301698
MGRoad,Domlur,1,18,0,9,1.3678818160571118
MGRoad,Domlur,1,19,0,9,1.5620230920087235
MGRoad,Domlur,1,20,0,9,1.4191857023667491
MGRoad,Domlur,1,21,0,9,1.1459962238537469
MGRoad,Domlur,1,22,0,9,1.0321984603968366
MGRoad,Domlur,1,23,0,9,1.0
Koramangala,BTM,0,0,0,7,1.0502208064179894
Koramangala,BTM,0,1,0,7,1.0
Koramangala,BTM,0,2,0,7,1.0
Koramangala,BTM,0,3,0,7,1.0442564155274898
Koramangala,BTM,0,4,0,7,1.0437233699206672
Koramangala,BTM,0,5,0,7,1.0
Koramangala,BTM,0,6,0,7,1.0
Koramangala,BTM,0,7,0,7,1.1674935428837867
Koramangala,BTM,0,8,0,7,1.5601649434082123
Koramangala,BTM,0,9,0,7,1.688473557521395
Koramangala,BTM,0,10,0,7,1.632605551555188
Koramangala,BTM,0,11,0,7,1.2134822303787438
Koramangala,BTM,0,12,0,7,1.079926970084479
Koramangala,BTM,0,13,0,7,1.1011582085293627
Koramangala,BTM,0,14,0,7,1.0652010687089608
Koramangala,BTM,0,15,0,7,1.0
Koramangala,BTM,0,16,0,7,1.181400153112457
Koramangala,BTM,0,17,0,7,1.4241595455767977
Koramangala,BTM,0,18,0,7,1.6207442240454197
Koramangala,BTM,0,19,0,7,1.7523351538465133
Koramangala,BTM,0,20,0,7,1.652577455052005
Koramangala,BTM,0,21,0,7,1.2861955219414825
Koramangala,BTM,0,22,0,7,1.21147404658008
Koramangala,BTM,0,23,0,7,1.0
Koramangala,BTM,1,0,0,7,1.0
Koramangala,BTM,1,1,0,7,1.0
Koramangala,BTM,1,2,0,7,1.0
Koramangala,BTM,1,3,0,7,1.0083166277755908
Koramangala,BTM,1,4,0,7,1.0138423362020421
Koramangala,BTM,1,5,0,7,1.0
Koramangala,BTM,1,6,0,7,1.087537875104255
Koramangala,BTM,1,7,0,7,1.0277706227439476
Koramangala,BTM,1,8,0,7,1.3273047216686966
Koramangala,BTM,1,9,0,7,1.4042707808634645
Koramangala,BTM,1,10,0,7,1.3339386783600051
Koramangala,BTM,1,11,0,7,1.1457790628502484
Koramangala,BTM,1,12,0,7,1.0
Koramangala,BTM,1,13,0,7,1.0
Koramangala,BTM,1,14,0,7,1.0432325420063668
Koramangala,BTM,1,15,0,7,1.0367954833453081
Koramangala,BTM,1,16,0,7,1.0418533152536185
Koramangala,BTM,1,17,0,7,1.3034412297776339
Koramangala,BTM,1,18,0,7,1.4773930098973773
Koramangala,BTM,1,19,0,7,1.3668768760520447
Koramangala,BTM,1,20,0,7,1.3770238754704298
Koramangala,BTM,1,21,0,7,1.32689640096113
Koramangala,BTM,1,22,0,7,1.1150604459724958
Koramangala,BTM,1,23,0,7,1.0303852579399266
Koramangala,HSRLayout,0,0,0,8,1.0
Koramangala,HSRLayout,0,1,0,8,1.0
Koramangala,HSRLayout,0,2,0,8,1.0
Koramangala,HSRLayout,0,3,0,8,1.0
Koramangala,HSRLayout,0,4,0,8,1.0377361593248113
Koramangala,HSRLayout,0,5,0,8,1.0
Koramangala,HSRLayout,0,6,0,8,1.033748895609966
Koramangala,HSRLayout,0,7,0,8,1.184872749705468
Koramangala,HSRLayout,0,8,0,8,1.5926349560347024
Koramangala,HSRLayout,0,9,0,8,1.7552939189630212
Koramangala,HSRLayout,0,10,0,8,1.5860770490232377
Koramangala,HSRLayout,0,11,0,8,1.2970745430050483
Koramangala,HSRLayout,0,12,0,8,1.0741585311877784
Koramangala,HSRLayout,0,13,0,8,1.0329782288885676
Koramangala,HSRLayout,0,14,0,8,1.0243558283402077
Koramangala,HSRLayout,0,15,0,8,1.0381272772600452
Koramangala,HSRLayout,0,16,0,8,1.1315712922550407
Koramangala,HSRLayout,0,17,0,8,1.3508763834058926
Koramangala,HSRLayout,0,18,0,8,1.6960179003918778
Koramangala,HSRLayout,0,19,0,8,1.745788009535701
Koramangala,HSRLayout,0,20,0,8,1.7250981792302091
Koramangala,HSRLayout,0,21,0,8,1.3679705925515324
Koramangala,HSRLayout,0,22,0,8,1.1005022795861337
Koramangala,HSRLayout,0,23,0,8,1.0106922429467253
Koramangala,HSRLayout,1,0,0,8,1.0
Koramangala,HSRLayout,1,1,0,8,1.0080103275824286
Koramangala,HSRLayout,1,2,0,8,1.0
Koramangala,HSRLayout,1,3,0,8,1.0571169790576465
Koramangala,HSRLayout,1,4,0,8,1.0
Koramangala,HSRLayout,1,5,0,8,1.0
Koramangala,HSRLayout,1,6,0,8,1.0
Koramangala,HSRLayout,1,7,0,8,1.0343133725608245
Koramangala,HSRLayout,1,8,0,8,1.3253195048359119
Koramangala,HSRLayout,1,9,0,8,1.4929579003677997
Koramangala,HSRLayout,1,10,0,8,1.3597009966161147
Koramangala,HSRLayout,1,11,0,8,1.0678615957055724
Koramangala,HSRLayout,1,12,0,8,1.0
Koramangala,HSRLayout,1,13,0,8,1.0931897570604472
Koramangala,HSRLayout,1,14,0,8,1.0195287762804914
Koramangala,HSRLayout,1,15,0,8,1.0195486045444617
Koramangala,HSRLayout,1,16,0,8,1.1286688651434202
Koramangala,HSRLayout,1,17,0,8,1.3240837380820447
Koramangala,HSRLayout,1,18,0,8,1.4267627913516103
Koramangala,HSRLayout,1,19,0,8,1.4469707627385913
Koramangala,HSRLayout,1,20,0,8,1.379668536254654
Koramangala,HSRLayout,1,21,0,8,1.2323006687344213
Koramangala,HSRLayout,1,22,0,8,1.045230589687745
Koramangala,HSRLayout,1,23,0,8,1.0
Koramangala,Indiranagar,0,0,0,10,1.0026224542057616
Koramangala,Indiranagar,0,1,0,10,1.0
Koramangala,Indiranagar,0,2,0,10,1.0
Koramangala,Indiranagar,0,3,0,10,1.0048250958513492
Koramangala,Indiranagar,0,4,0,10,1.1175426074910566
Koramangala,Indiranagar,0,5,0,10,1.0
Koramangala,Indiranagar,0,6,0,10,1.049717024611922
Koramangala,Indiranagar,0,7,0,10,1.2367656395676954
Koramangala,Indiranagar,0,8,0,10,1.6169799764224841
Koramangala,Indiranagar,0,9,0,10,1.8523362192141526
Koramangala,Indiranagar,0,10,0,10,1.5705903823783596
Koramangala,Indiranagar,0,11,0,10,1.2039161638637201
Koramangala,Indiranagar,0,12,0,10,1.0
Koramangala,Indiranagar,0,13,0,10,1.0
Koramangala,Indiranagar,0,14,0,10,1.0333733250811472
Koramangala,Indiranagar,0,15,0,10,1.0374508428416307
Koramangala,Indiranagar,0,16,0,10,1.0871660040433142
Koramangala,Indiranagar,0,17,0,10,1.347628320376733
Koramangala,Indiranagar,0,18,0,10,1.6596356973397375
Koramangala,Indiranagar,0,19,0,10,1.82518394658056
Koramangala,Indiranagar,0,20,0,10,1.6283923322770057
Koramangala,Indiranagar,0,21,0,10,1.3537446865343978
Koramangala,Indiranagar,0,22,0,10,1.0470155624479918
Koramangala,Indiranagar,0,23,0,10,1.0
Koramangala,Indiranagar,1,0,0,10,1.0808857829261531
Koramangala,Indiranagar,1,1,0,10,1.0
Koramangala,Indiranagar,1,2,0,10,1.0
Koramangala,Indiranagar,1,3,0,10,1.0109703305856723
Koramangala,Indiranagar,1,4,0,10,1.0
Koramangala,Indiranagar,1,5,0,10,1.0
Koramangala,Indiranagar,1,6,0,10,1.0276396325463915
Koramangala,Indiranagar,1,7,0,10,1.1344911611506932
Koramangala,Indiranagar,1,8,0,10,1.3232070771179496
Koramangala,Indiranagar,1,9,0,10,1.3461143953916284
Koramangala,Indiranagar,1,10,0,10,1.3199428252050611
Koramangala,Indiranagar,1,11,0,10,1.0919854364383565
Koramangala,Indiranagar,1,12,0,10,1.0033374640390453
Koramangala,Indiranagar,1,13,0,10,1.0156068184491855
Koramangala,Indiranagar,1,14,0,10,1.035639643367803
Koramangala,Indiranagar,1,15,0,10,1.0641815366248524
Koramangala,Indiranagar,1,16,0,10,1.0510450842347978
Koramangala,Indiranagar,1,17,0,10,1.2476468206465425
Koramangala,Indiranagar,1,18,0,10,1.420620504103823
Koramangala,Indiranagar,1,19,0,10,1.4968318962273652
Koramangala,Indiranagar,1,20,0,10,1.4314225243959844
Koramangala,Indiranagar,1,21,0,10,1.1941625538835647
Koramangala,Indiranagar,1,22,0,10,1.067158918759588
Koramangala,Indiranagar,1,23,0,10,1.0605847897640166
Koramangala,Domlur,0,0,0,9,1.0
Koramangala,Domlur,0,1,0,9,1.0104714571471014
Koramangala,Domlur,0,2,0,9,1.0
Koramangala,Domlur,0,3,0,9,1.0
Koramangala,Domlur,0,4,0,9,1.0
Koramangala,Domlur,0,5,0,9,1.0
Koramangala,Domlur,0,6,0,9,1.0547817747376131
Koramangala,Domlur,0,7,0,9,1.2894034427516026
Koramangala,Domlur,0,8,0,9,1.64461577922412
Koramangala,Domlur,0,9,0,9,1.7959836788851757
Koramangala,Domlur,0,10,0,9,1.5856501395982439
Koramangala,Domlur,0,11,0,9,1.2034498060181547
Koramangala,Domlur,0,12,0,9,1.075980111721029
Koramangala,Domlur,0,13,0,9,1.0
Koramangala,Domlur,0,14,0,9,1.0368455103097678
Koramangala,Domlur,0,15,0,9,1.1227528309567687
Koramangala,Domlur,0,16,0,9,1.1363189559255316
Koramangala,Domlur,0,17,0,9,1.2913989704922721
Koramangala,Domlur,0,18,0,9,1.615019527798782
Koramangala,Domlur,0,19,0,9,1.7270926279332826
Koramangala,Domlur,0,20,0,9,1.5982065654481832
Koramangala,Domlur,0,21,0,9,1.431530225591565
Koramangala,Domlur,0,22,0,9,1.1492702777879265
Koramangala,Domlur,0,23,0,9,1.0
Koramangala,Domlur,1,0,0,9,1.032681608318717
Koramangala,Domlur,1,1,0,9,1.0630187463349707
Koramangala,Domlur,1,2,0,9,1.0
Koramangala,Domlur,1,3,0,9,1.0
Koramangala,Domlur,1,4,0,9,1.0
Koramangala,Domlur,1,5,0,9,1.01809952221977
Koramangala,Domlur,1,6,0,9,1.0626920666785766
Koramangala,Domlur,1,7,0,9,1.1938502731278189
Koramangala,Domlur,1,8,0,9,1.387936857660203
Koramangala,Domlur,1,9,0,9,1.4992701938605832
Koramangala,Domlur,1,10,0,9,1.3954090781918345
Koramangala,Domlur,1,11,0,9,1.167810460442952
Koramangala,Domlur,1,12,0,9,1.0
Koramangala,Domlur,1,13,0,9,1.0
Koramangala,Domlur,1,14,0,9,1.0192992314749438
Koramangala,Domlur,1,15,0,9,1.0001863566623739
Koramangala,Domlur,1,16,0,9,1.121428779828841
Koramangala,Domlur,1,17,0,9,1.1834359832012615
Koramangala,Domlur,1,18,0,9,1.315646775974438
Koramangala,Domlur,1,19,0,9,1.5122149499720154
Koramangala,Domlur,1,20,0,9,1.3952343429457295
Koramangala,Domlur,1,21,0,9,1.2124093683895294
Koramangala,Domlur,1,22,0,9,1.1222009690862431
Koramangala,Domlur,1,23,0,9,1.0724589627610686
BTM,JPNagar,0,0,0,6,1.0170517905799272
BTM,JPNagar,0,1,0,6,1.0
BTM,JPNagar,0,2,0,6,1.0
BTM,JPNagar,0,3,0,6,1.0
BTM,JPNagar,0,4,0,6,1.0
BTM,JPNagar,0,5,0,6,1.0169687747997638
BTM,JPNagar,0,6,0,6,1.115416577853036
BTM,JPNagar,0,7,0,6,1.2207355047865687
BTM,JPNagar,0,8,0,6,1.5383728162701737
BTM,JPNagar,0,9,0,6,1.9014017431804964
BTM,JPNagar,0,10,0,6,1.5725426771548157
BTM,JPNagar,0,11,0,6,1.1833355191333093
BTM,JPNagar,0,12,0,6,1.067746149353145
BTM,JPNagar,0,13,0,6,1.0290260932287727
BTM,JPNagar,0,14,0,6,1.0
BTM,JPNagar,0,15,0,6,1.074691169479884
BTM,JPNagar,0,16,0,6,1.1135717318742886
BTM,JPNagar,0,17,0,6,1.3201191484314563
BTM,JPNagar,0,18,0,6,1.6669915933764672
BTM,JPNagar,0,19,0,6,1.838538448856361
BTM,JPNagar,0,20,0,6,1.626369475359197
BTM,JPNagar,0,21,0,6,1.3827979672180024
BTM,JPNagar,0,22,0,6,1.1332627171447347
BTM,JPNagar,0,23,0,6,1.176371229385533
BTM,JPNagar,1,0,0,6,1.0
BTM,JPNagar,1,1,0,6,1.0692085826580022
BTM,JPNagar,1,2,0,6,1.0
BTM,JPNagar,1,3,0,6,1.0
BTM,JPNagar,1,4,0,6,1.0363531633451222
BTM,JPNagar,1,5,0,6,1.0485687250340865
BTM,JPNagar,1,6,0,6,1.0940443412134275
BTM,JPNagar,1,7,0,6,1.151172017982565
BTM,JPNagar,1,8,0,6,1.2972931278766484
BTM,JPNagar,1,9,0,6,1.4131176962400311
BTM,JPNagar,1,10,0,6,1.3527956661469984
BTM,JPNagar,1,11,0,6,1.1637860644833216
BTM,JPNagar,1,12,0,6,1.1006268048145469
BTM,JPNagar,1,13,0,6,1.0251796030530476
BTM,JPNagar,1,14,0,6,1.0566116191066617
BTM,JPNagar,1,15,0,6,1.0951812216519567
BTM,JPNagar,1,16,0,6,1.0841057643102976
BTM,JPNagar,1,17,0,6,1.1271687492310025
BTM,JPNagar,1,18,0,6,1.3029702731475943
BTM,JPNagar,1,19,0,6,1.3681098565905367
BTM,JPNagar,1,20,0,6,1.4415136465061176
BTM,JPNagar,1,21,0,6,1.1590762494380633
BTM,JPNagar,1,22,0,6,1.1374575927838657
BTM,JPNagar,1,23,0,6,1.048618846372493
JPNagar,Jayanagar,0,0,0,6,1.085763456373245
JPNagar,Jayanagar,0,1,0,6,1.0501546957580763
JPNagar,Jayanagar,0,2,0,6,1.0
JPNagar,Jayanagar,0,3,0,6,1.0
JPNagar,Jayanagar,0,4,0,6,1.004749127394217
JPNagar,Jayanagar,0,5,0,6,1.015797950698691
JPNagar,Jayanagar,0,6,0,6,1.0292692876542981
JPNagar,Jayanagar,0,7,0,6,1.2433493691674893
JPNagar,Jayanagar,0,8,0,6,1.6755804528538372
JPNagar,Jayanagar,0,9,0,6,1.7148930870936887
JPNagar,Jayanagar,0,10,0,6,1.6080389644360353
JPNagar,Jayanagar,0,11,0,6,1.199636125069934
JPNagar,Jayanagar,0,12,0,6,1.065214141012466
JPNagar,Jayanagar,0,13,0,6,1.049734752909706
JPNagar,Jayanagar,0,14,0,6,1.003670774329433
JPNagar,Jayanagar,0,15,0,6,1.0738178367428906
JPNagar,Jayanagar,0,16,0,6,1.0584457337194129
JPNagar,Jayanagar,0,17,0,6,1.4216161498342494
JPNagar,Jayanagar,0,18,0,6,1.6279055878178186
JPNagar,Jayanagar,0,19,0,6,1.8311204034897317
JPNagar,Jayanagar,0,20,0,6,1.6671844547177554
JPNagar,Jayanagar,0,21,0,6,1.236988580461102
JPNagar,Jayanagar,0,22,0,6,1.1001340930414911
JPNagar,Jayanagar,0,23,0,6,1.0461749652954961
JPNagar,Jayanagar,1,0,0,6,1.0776988040956672
JPNagar,Jayanagar,1,1,0,6,1.0143634169262101
JPNagar,Jayanagar,1,2,0,6,1.012885016559028
JPNagar,Jayanagar,1,3,0,6,1.0
JPNagar,Jayanagar,1,4,0,6,1.0718272425944748
JPNagar,Jayanagar,1,5,0,6,1.0942230464664673
JPNagar,Jayanagar,1,6,0,6,1.0321223113219569
JPNagar,Jayanagar,1,7,0,6,1.1237515788148014
JPNagar,Jayanagar,1,8,0,6,1.2463604615740618
JPNagar,Jayanagar,1,9,0,6,1.4841660543970587
JPNagar,Jayanagar,1,10,0,6,1.462426972887452
JPNagar,Jayanagar,1,11,0,6,1.170596724692259
JPNagar,Jayanagar,1,12,0,6,1.093909433687382
JPNagar,Jayanagar,1,13,0,6,1.0313624449675212
JPNagar,Jayanagar,1,14,0,6,1.0
JPNagar,Jayanagar,1,15,0,6,1.086176301463752
JPNagar,Jayanagar,1,16,0,6,1.0141369921102563
JPNagar,Jayanagar,1,17,0,6,1.1909134365273846
JPNagar,Jayanagar,1,18,0,6,1.3758767147227495
JPNagar,Jayanagar,1,19,0,6,1.4841454830388952
JPNagar,Jayanagar,1,20,0,6,1.3827334107269609
JPNagar,Jayanagar,1,21,0,6,1.220788404221181
JPNagar,Jayanagar,1,22,0,6,1.037791111091813
JPNagar,Jayanagar,1,23,0,6,1.0
JPNagar,Banashankari,0,0,0,6,1.003074033444453
JPNagar,Banashankari,0,1,0,6,1.0
JPNagar,Banashankari,0,2,0,6,1.0
JPNagar,Banashankari,0,3,0,6,1.0
JPNagar,Banashankari,0,4,0,6,1.0
JPNagar,Banashankari,0,5,0,6,1.0
JPNagar,Banashankari,0,6,0,6,1.0
JPNagar,Banashankari,0,7,0,6,1.1632239375934594
JPNagar,Banashankari,0,8,0,6,1.6042274229428006
JPNagar,Banashankari,0,9,0,6,1.8203992141108922
JPNagar,Banashankari,0,10,0,6,1.6954716056188337
JPNagar,Banashankari,0,11,0,6,1.1701072754073525
JPNagar,Banashankari,0,12,0,6,1.021882438926739
JPNagar,Banashankari,0,13,0,6,1.0533725336154363
JPNagar,Banashankari,0,14,0,6,1.0
JPNagar,Banashankari,0,15,0,6,1.0188185938150807
JPNagar,Banashankari,0,16,0,6,1.2233961889556
JPNagar,Banashankari,0,17,0,6,1.3493463862249393
JPNagar,Banashankari,0,18,0,6,1.600252306483524
JPNagar,Banashankari,0,19,0,6,1.7341530020067666
JPNagar,Banashankari,0,20,0,6,1.6748467660346287
JPNagar,Banashankari,0,21,0,6,1.3815287695875897
JPNagar,Banashankari,0,22,0,6,1.0693521806006934
JPNagar,Banashankari,0,23,0,6,1.0
JPNagar,Banashankari,1,0,0,6,1.0267356319079914
JPNagar,Banashankari,1,1,0,6,1.0288633412572836
JPNagar,Banashankari,1,2,0,6,1.0
JPNagar,Banashankari,1,3,0,6,1.0311212292110588
JPNagar,Banashankari,1,4,0,6,1.0288626371328284
JPNagar,Banashankari,1,5,0,6,1.0
JPNagar,Banashankari,1,6,0,6,1.0150903716433224
JPNagar,Banashankari,1,7,0,6,1.1554957107818633
JPNagar,Banashankari,1,8,0,6,1.2986591622563453
JPNagar,Banashankari,1,9,0,6,1.333053408000849
JPNagar,Banashankari,1,10,0,6,1.313162270529525
JPNagar,Banashankari,1,11,0,6,1.172345728950005
JPNagar,Banashankari,1,12,0,6,1.109744537070379
JPNagar,Banashankari,1,13,0,6,1.0
JPNagar,Banashankari,1,14,0,6,1.134269273121988
JPNagar,Banashankari,1,15,0,6,1.0
JPNagar,Banashankari,1,16,0,6,1.123714280623799
JPNagar,Banashankari,1,17,0,6,1.2631565853372562
JPNagar,Banashankari,1,18,0,6,1.4110849924793134
JPNagar,Banashankari,1,19,0,6,1.447480923978081
JPNagar,Banashankari,1,20,0,6,1.3038632443210165
JPNagar,Banashankari,1,21,0,6,1.232774618578814
JPNagar,Banashankari,1,22,0,6,1.0401038556744757
JPNagar,Banashankari,1,23,0,6,1.0
JPNagar,Bannerghatta,0,0,0,9,1.141444931717106
JPNagar,Bannerghatta,0,1,0,9,1.0354051058817177
JPNagar,Bannerghatta,0,2,0,9,1.090904261097947
JPNagar,Bannerghatta,0,3,0,9,1.0
JPNagar,Bannerghatta,0,4,0,9,1.0738658825675047
JPNagar,Bannerghatta,0,5,0,9,1.0865283610111978
JPNagar,Bannerghatta,0,6,0,9,1.1335339474355277
JPNagar,Bannerghatta,0,7,0,9,1.2439204673863145
JPNagar,Bannerghatta,0,8,0,9,1.5349913475665875
JPNagar,Bannerghatta,0,9,0,9,1.7911343622917897
JPNagar,Bannerghatta,0,10,0,9,1.484976101771362
JPNagar,Bannerghatta,0,11,0,9,1.159883145898795
JPNagar,Bannerghatta,0,12,0,9,1.0604592259297354
JPNagar,Bannerghatta,0,13,0,9,1.0
JPNagar,Bannerghatta,0,14,0,9,1.0
JPNagar,Bannerghatta,0,15,0,9,1.0297185031804026
JPNagar,Bannerghatta,0,16,0,9,1.2344740562145422
JPNagar,Bannerghatta,0,17,0,9,1.4311480226885231
JPNagar,Bannerghatta,0,18,0,9,1.655818420742083
JPNagar,Bannerghatta,0,19,0,9,1.8604449767085807
JPNagar,Bannerghatta,0,20,0,9,1.619076392684415
JPNagar,Bannerghatta,0,21,0,9,1.349421838212548
JPNagar,Bannerghatta,0,22,0,9,1.1834485146208722
JPNagar,Bannerghatta,0,23,0,9,1.0
JPNagar,Bannerghatta,1,0,0,9,1.0
JPNagar,Bannerghatta,1,1,0,9,1.0
JPNagar,Bannerghatta,1,2,0,9,1.0058738429618894
JPNagar,Bannerghatta,1,3,0,9,1.0816362068979313
JPNagar,Bannerghatta,1,4,0,9,1.0
JPNagar,Bannerghatta,1,5,0,9,1.015163171502753
JPNagar,Bannerghatta,1,6,0,9,1.0
JPNagar,Bannerghatta,1,7,0,9,1.0772619840637878
JPNagar,Bannerghatta,1,8,0,9,1.2655204713474573
JPNagar,Bannerghatta,1,9,0,9,1.5127376055197144
JPNagar,Bannerghatta,1,10,0,9,1.4454347801337106
JPNagar,Bannerghatta,1,11,0,9,1.1588932562182133
JPNagar,Bannerghatta,1,12,0,9,1.0
JPNagar,Bannerghatta,1,13,0,9,1.0395026619992722
JPNagar,Bannerghatta,1,14,0,9,1.0
JPNagar,Bannerghatta,1,15,0,9,1.0594125872896274
JPNagar,Bannerghatta,1,16,0,9,1.0904154189937143
JPNagar,Bannerghatta,1,17,0,9,1.2154318893532912
JPNagar,Bannerghatta,1,18,0,9,1.3922979304413876
JPNagar,Bannerghatta,1,19,0,9,1.4110253181512045
JPNagar,Bannerghatta,1,20,0,9,1.3417157362997696
JPNagar,Bannerghatta,1,21,0,9,1.1153843996768127
JPNagar,Bannerghatta,1,22,0,9,1.0537720424405783
JPNagar,Bannerghatta,1,23,0,9,1.0
Jayanagar,Basavanagudi,0,0,0,6,1.0
Jayanagar,Basavanagudi,0,1,0,6,1.0
Jayanagar,Basavanagudi,0,2,0,6,1.0050621256896854
Jayanagar,Basavanagudi,0,3,0,6,1.0226809091725315
Jayanagar,Basavanagudi,0,4,0,6,1.0
Jayanagar,Basavanagudi,0,5,0,6,1.0
Jayanagar,Basavanagudi,0,6,0,6,1.0086408761186998
Jayanagar,Basavanagudi,0,7,0,6,1.2823054553008442
Jayanagar,Basavanagudi,0,8,0,6,1.6804325511230587
Jayanagar,Basavanagudi,0,9,0,6,1.842576833403458
Jayanagar,Basavanagudi,0,10,0,6,1.577643611074736
Jayanagar,Basavanagudi,0,11,0,6,1.318234084850778
Jayanagar,Basavanagudi,0,12,0,6,1.0
Jayanagar,Basavanagudi,0,13,0,6,1.0827098667557005
Jayanagar,Basavanagudi,0,14,0,6,1.0
Jayanagar,Basavanagudi,0,15,0,6,1.0
Jayanagar,Basavanagudi,0,16,0,6,1.2704779407428601
Jayanagar,Basavanagudi,0,17,0,6,1.445167847917154
Jayanagar,Basavanagudi,0,18,0,6,1.606467863594219
Jayanagar,Basavanagudi,0,19,0,6,1.8084504323797714
Jayanagar,Basavanagudi,0,20,0,6,1.647337077306272
Jayanagar,Basavanagudi,0,21,0,6,1.371377729582038
Jayanagar,Basavanagudi,0,22,0,6,1.0637729772379407
Jayanagar,Basavanagudi,0,23,0,6,1.0010748477653864
Jayanagar,Basavanagudi,1,0,0,6,1.023398064154592
Jayanagar,Basavanagudi,1,1,0,6,1.0111348111288052
Jayanagar,Basavanagudi,1,2,0,6,1.0599621480708223
Jayanagar,Basavanagudi,1,3,0,6,1.0039979319898142
Jayanagar,Basavanagudi,1,4,0,6,1.1177309920632004
Jayanagar,Basavanagudi,1,5,0,6,1.0
Jayanagar,Basavanagudi,1,6,0,6,1.0436601787634352
Jayanagar,Basavanagudi,1,7,0,6,1.0389235364291338
Jayanagar,Basavanagudi,1,8,0,6,1.2646562909263175
Jayanagar,Basavanagudi,1,9,0,6,1.5064262994958026
Jayanagar,Basavanagudi,1,10,0,6,1.280172868228898
Jayanagar,Basavanagudi,1,11,0,6,1.161274829653006
Jayanagar,Basavanagudi,1,12,0,6,1.0276357149121522
Jayanagar,Basavanagudi,1,13,0,6,1.0
Jayanagar,Basavanagudi,1,14,0,6,1.0
Jayanagar,Basavanagudi,1,15,0,6,1.0
Jayanagar,Basavanagudi,1,16,0,6,1.0514974436608455
Jayanagar,Basavanagudi,1,17,0,6,1.2391270923569089
Jayanagar,Basavanagudi,1,18,0,6,1.3945513551934523
Jayanagar,Basavanagudi,1,19,0,6,1.4111287151687095
Jayanagar,Basavanagudi,1,20,0,6,1.3165789872634517
Jayanagar,Basavanagudi,1,21,0,6,1.2155635459054261
Jayanagar,Basavanagudi,1,22,0,6,1.0708647439257213
Jayanagar,Basavanagudi,1,23,0,6,1.0707463739167882
Jayanagar,Banashankari,0,0,0,7,1.132764678561962
Jayanagar,Banashankari,0,1,0,7,1.0421462265049237
Jayanagar,Banashankari,0,2,0,7,1.0
Jayanagar,Banashankari,0,3,0,7,1.0
Jayanagar,Banashankari,0,4,0,7,1.0
Jayanagar,Banashankari,0,5,0,7,1.0
Jayanagar,Banashankari,0,6,0,7,1.005635695685415
Jayanagar,Banashankari,0,7,0,7,1.225214025476653
Jayanagar,Banashankari,0,8,0,7,1.5737572774656756
Jayanagar,Banashankari,0,9,0,7,1.8371865379630627
Jayanagar,Banashankari,0,10,0,7,1.5751646067096696
Jayanagar,Banashankari,0,11,0,7,1.235111279547168
Jayanagar,Banashankari,0,12,0,7,1.0
Jayanagar,Banashankari,0,13,0,7,1.089970745609146
Jayanagar,Banashankari,0,14,0,7,1.0319006038316454
Jayanagar,Banashankari,0,15,0,7,1.1246121492116663
Jayanagar,Banashankari,0,16,0,7,1.1777819933904234
Jayanagar,Banashankari,0,17,0,7,1.4407484917966404
Jayanagar,Banashankari,0,18,0,7,1.645637673677976
Jayanagar,Banashankari,0,19,0,7,1.8358580403979587
Jayanagar,Banashankari,0,20,0,7,1.7933373683944047
Jayanagar,Banashankari,0,21,0,7,1.3050899663370008
Jayanagar,Banashankari,0,22,0,7,1.1967507468682135
Jayanagar,Banashankari,0,23,0,7,1.1200467578193227
Jayanagar,Banashankari,1,0,0,7,1.0210563789026819
Jayanagar,Banashankari,1,1,0,7,1.0382606244168706
Jayanagar,Banashankari,1,2,0,7,1.0639819459561435
Jayanagar,Banashankari,1,3,0,7,1.0
Jayanagar,Banashankari,1,4,0,7,1.021140494175495
Jayanagar,Banashankari,1,5,0,7,1.0
Jayanagar,Banashankari,1,6,0,7,1.0
Jayanagar,Banashankari,1,7,0,7,1.103161293945228
Jayanagar,Banashankari,1,8,0,7,1.319999533729935
Jayanagar,Banashankari,1,9,0,7,1.4474887833734074
Jayanagar,Banashankari,1,10,0,7,1.3504646649537608
Jayanagar,Banashankari,1,11,0,7,1.0621956364621665
Jayanagar,Banashankari,1,12,0,7,1.1320630288717495
Jayanagar,Banashankari,1,13,0,7,1.063434528119926
Jayanagar,Banashankari,1,14,0,7,1.0407813443134126
Jayanagar,Banashankari,1,15,0,7,1.0010161503324235
Jayanagar,Banashankari,1,16,0,7,1.0713004037470308
Jayanagar,Banashankari,1,17,0,7,1.2295050028421994
Jayanagar,Banashankari,1,18,0,7,1.3830061267923874
Jayanagar,Banashankari,1,19,0,7,1.3539468780962212
Jayanagar,Banashankari,1,20,0,7,1.3998980906689158
Jayanagar,Banashankari,1,21,0,7,1.3508590585996758
Jayanagar,Banashankari,1,22,0,7,1.0
Jayanagar,Banashankari,1,23,0,7,1.070316131876004
Malleshwaram,RTNagar,0,0,0,7,1.0189250987850904
Malleshwaram,RTNagar,0,1,0,7,1.0
Malleshwaram,RTNagar,0,2,0,7,1.0703511916747355
Malleshwaram,RTNagar,0,3,0,7,1.0
Malleshwaram,RTNagar,0,4,0,7,1.0088454910358353
Malleshwaram,RTNagar,0,5,0,7,1.0821326357001613
Malleshwaram,RTNagar,0,6,0,7,1.0457015439688417
Malleshwaram,RTNagar,0,7,0,7,1.2235176323955934
Malleshwaram,RTNagar,0,8,0,7,1.6010133108736149
Malleshwaram,RTNagar,0,9,0,7,1.77716223523473
Malleshwaram,RTNagar,0,10,0,7,1.6745729939743723
Malleshwaram,RTNagar,0,11,0,7,1.198391376685414
Malleshwaram,RTNagar,0,12,0,7,1.1007088503887508
Malleshwaram,RTNagar,0,13,0,7,1.0
Malleshwaram,RTNagar,0,14,0,7,1.04092990348841
Malleshwaram,RTNagar,0,15,0,7,1.0297785172717022
Malleshwaram,RTNagar,0,16,0,7,1.0051796052225281
Malleshwaram,RTNagar,0,17,0,7,1.3659595365332893
Malleshwaram,RTNagar,0,18,0,7,1.6032228628865117
Malleshwaram,RTNagar,0,19,0,7,1.7771609243704274
Malleshwaram,RTNagar,0,20,0,7,1.737139639851394
Malleshwaram,RTNagar,0,21,0,7,1.3088376350652582
Malleshwaram,RTNagar,0,22,0,7,1.0834397778286728
Malleshwaram,RTNagar,0,23,0,7,1.109193689742316
Malleshwaram,RTNagar,1,0,0,7,1.0059598460406207
Malleshwaram,RTNagar,1,1,0,7,1.0792365485106048
Malleshwaram,RTNagar,1,2,0,7,1.0166305912762854
Malleshwaram,RTNagar,1,3,0,7,1.0
Malleshwaram,RTNagar,1,4,0,7,1.0
Malleshwaram,RTNagar,1,5,0,7,1.067075618229423
Malleshwaram,RTNagar,1,6,0,7,1.0790688204083148
Malleshwaram,RTNagar,1,7,0,7,1.1347850078295976
Malleshwaram,RTNagar,1,8,0,7,1.3298201309001663
Malleshwaram,RTNagar,1,9,0,7,1.4342149794434753
Malleshwaram,RTNagar,1,10,0,7,1.2975796480405137
Malleshwaram,RTNagar,1,11,0,7,1.2340350584216917
Malleshwaram,RTNagar,1,12,0,7,1.0310939162879662
Malleshwaram,RTNagar,1,13,0,7,1.0
Malleshwaram,RTNagar,1,14,0,7,1.0
Malleshwaram,RTNagar,1,15,0,7,1.0566836629509708
Malleshwaram,RTNagar,1,16,0,7,1.1088437086776572
Malleshwaram,RTNagar,1,17,0,7,1.1943967300768765
Malleshwaram,RTNagar,1,18,0,7,1.3275712796408836
Malleshwaram,RTNagar,1,19,0,7,1.4412291060470512
Malleshwaram,RTNagar,1,20,0,7,1.275899749952762
Malleshwaram,RTNagar,1,21,0,7,1.1345245184274393
Malleshwaram,RTNagar,1,22,0,7,1.1169354942202279
Malleshwaram,RTNagar,1,23,0,7,1.0
Indiranagar,Domlur,0,0,0,5,1.0192741967259282
Indiranagar,Domlur,0,1,0,5,1.0626296314372286
Indiranagar,Domlur,0,2,0,5,1.033396029298612
Indiranagar,Domlur,0,3,0,5,1.0010784265176502
Indiranagar,Domlur,0,4,0,5,1.1098898346234454
Indiranagar,Domlur,0,5,0,5,1.041359842924381
Indiranagar,Domlur,0,6,0,5,1.0375834540133697
Indiranagar,Domlur,0,7,0,5,1.2826156203697663
Indiranagar,Domlur,0,8,0,5,1.616081774448556
Indiranagar,Domlur,0,9,0,5,1.7560007040209054
Indiranagar,Domlur,0,10,0,5,1.5988653176635663
Indiranagar,Domlur,0,11,0,5,1.2365025553494033
Indiranagar,Domlur,0,12,0,5,1.0
Indiranagar,Domlur,0,13,0,5,1.0
Indiranagar,Domlur,0,14,0,5,1.0
Indiranagar,Domlur,0,15,0,5,1.0126365239992416
Indiranagar,Domlur,0,16,0,5,1.0533828638790406
Indiranagar,Domlur,0,17,0,5,1.3480341932884221
Indiranagar,Domlur,0,18,0,5,1.656021945413998
Indiranagar,Domlur,0,19,0,5,1.8052397770355437
Indiranagar,Domlur,0,20,0,5,1.5996940698960667
Indiranagar,Domlur,0,21,0,5,1.3987780223718378
Indiranagar,Domlur,0,22,0,5,1.0754537311918402
Indiranagar,Domlur,0,23,0,5,1.0236474861440017
Indiranagar,Domlur,1,0,0,5,1.0670829360400471
Indiranagar,Domlur,1,1,0,5,1.0
Indiranagar,Domlur,1,2,0,5,1.0
Indiranagar,Domlur,1,3,0,5,1.0551780729853384
Indiranagar,Domlur,1,4,0,5,1.0
Indiranagar,Domlur,1,5,0,5,1.0
Indiranagar,Domlur,1,6,0,5,1.0420614934162438
Indiranagar,Domlur,1,7,0,5,1.1886603865505405
Indiranagar,Domlur,1,8,0,5,1.2140816518167212
Indiranagar,Domlur,1,9,0,5,1.3974414438225289
Indiranagar,Domlur,1,10,0,5,1.2755673345621326
Indiranagar,Domlur,1,11,0,5,1.0790203968987617
Indiranagar,Domlur,1,12,0,5,1.0
Indiranagar,Domlur,1,13,0,5,1.0
Indiranagar,Domlur,1,14,0,5,1.0190640084037865
Indiranagar,Domlur,1,15,0,5,1.0
Indiranagar,Domlur,1,16,0,5,1.0821449509818146
Indiranagar,Domlur,1,17,0,5,1.2220177105541317
Indiranagar,Domlur,1,18,0,5,1.3245314684385296
Indiranagar,Domlur,1,19,0,5,1.4466938087707322
Indiranagar,Domlur,1,20,0,5,1.4458100832277168
Indiranagar,Domlur,1,21,0,5,1.2179493773901158
Indiranagar,Domlur,1,22,0,5,1.0432165433202556
Indiranagar,Domlur,1,23,0,5,1.016006220240342
ElectronicCity,Bannerghatta,0,0,0,18,1.0
ElectronicCity,Bannerghatta,0,1,0,18,1.0138568156517545
ElectronicCity,Bannerghatta,0,2,0,18,1.044122861645987
ElectronicCity,Bannerghatta,0,3,0,18,1.0
ElectronicCity,Bannerghatta,0,4,0,18,1.0
ElectronicCity,Bannerghatta,0,5,0,18,1.0638997101564338
ElectronicCity,Bannerghatta,0,6,0,18,1.0303821857508348
ElectronicCity,Bannerghatta,0,7,0,18,1.2545859091974343
ElectronicCity,Bannerghatta,0,8,0,18,1.5428079097509786
ElectronicCity,Bannerghatta,0,9,0,18,1.758160713772823
ElectronicCity,Bannerghatta,0,10,0,18,1.5689413979814852
ElectronicCity,Bannerghatta,0,11,0,18,1.3537997665296864
ElectronicCity,Bannerghatta,0,12,0,18,1.0354097798053958
ElectronicCity,Bannerghatta,0,13,0,18,1.0
ElectronicCity,Bannerghatta,0,14,0,18,1.0
ElectronicCity,Bannerghatta,0,15,0,18,1.0268883730475569
ElectronicCity,Bannerghatta,0,16,0,18,1.1707342097062685
ElectronicCity,Bannerghatta,0,17,0,18,1.3757412160511522
ElectronicCity,Bannerghatta,0,18,0,18,1.760952783685244
ElectronicCity,Bannerghatta,0,19,0,18,1.810689722336759
ElectronicCity,Bannerghatta,0,20,0,18,1.7304322573867605
ElectronicCity,Bannerghatta,0,21,0,18,1.3801022452185345
ElectronicCity,Bannerghatta,0,22,0,18,1.1682163740373748
ElectronicCity,Bannerghatta,0,23,0,18,1.0
ElectronicCity,Bannerghatta,1,0,0,18,1.0
ElectronicCity,Bannerghatta,1,1,0,18,1.0
ElectronicCity,Bannerghatta,1,2,0,18,1.0
ElectronicCity,Bannerghatta,1,3,0,18,1.0
ElectronicCity,Bannerghatta,1,4,0,18,1.0443011308619332
ElectronicCity,Bannerghatta,1,5,0,18,1.0
ElectronicCity,Bannerghatta,1,6,0,18,1.0087899930534423
ElectronicCity,Bannerghatta,1,7,0,18,1.1219808581737993
ElectronicCity,Bannerghatta,1,8,0,18,1.3159089879208228
ElectronicCity,Bannerghatta,1,9,0,18,1.4603549224886718
ElectronicCity,Bannerghatta,1,10,0,18,1.2637613940245678
ElectronicCity,Bannerghatta,1,11,0,18,1.0881889681070847
ElectronicCity,Bannerghatta,1,12,0,18,1.0452559225746922
ElectronicCity,Bannerghatta,1,13,0,18,1.011537220848131
ElectronicCity,Bannerghatta,1,14,0,18,1.0
ElectronicCity,Bannerghatta,1,15,0,18,1.0
ElectronicCity,Bannerghatta,1,16,0,18,1.034144501925246
ElectronicCity,Bannerghatta,1,17,0,18,1.1985289236157532
ElectronicCity,Bannerghatta,1,18,0,18,1.4209707511321956
ElectronicCity,Bannerghatta,1,19,0,18,1.3870974624311097
ElectronicCity,Bannerghatta,1,20,0,18,1.4381000297879207
ElectronicCity,Bannerghatta,1,21,0,18,1.2436457524485318
ElectronicCity,Bannerghatta,1,22,0,18,1.0532173276477543
ElectronicCity,Bannerghatta,1,23,0,18,1.0584859945674536
ElectronicCity,HSRLayout,0,0,0,15,1.0
ElectronicCity,HSRLayout,0,1,0,15,1.0
ElectronicCity,HSRLayout,0,2,0,15,1.0
ElectronicCity,HSRLayout,0,3,0,15,1.0
ElectronicCity,HSRLayout,0,4,0,15,1.0
ElectronicCity,HSRLayout,0,5,0,15,1.0
ElectronicCity,HSRLayout,0,6,0,15,1.0607776057387066
ElectronicCity,HSRLayout,0,7,0,15,1.138223088660988
ElectronicCity,HSRLayout,0,8,0,15,1.6198819200712948
ElectronicCity,HSRLayout,0,9,0,15,1.7290349736903547
ElectronicCity,HSRLayout,0,10,0,15,1.5620720271984263
ElectronicCity,HSRLayout,0,11,0,15,1.2243412420543218
ElectronicCity,HSRLayout,0,12,0,15,1.0
ElectronicCity,HSRLayout,0,13,0,15,1.0
ElectronicCity,HSRLayout,0,14,0,15,1.0
ElectronicCity,HSRLayout,0,15,0,15,1.0345723086434115
ElectronicCity,HSRLayout,0,16,0,15,1.1674368127415942
ElectronicCity,HSRLayout,0,17,0,15,1.3944784530861731
ElectronicCity,HSRLayout,0,18,0,15,1.6083374980366998
ElectronicCity,HSRLayout,0,19,0,15,1.7604211425895158
ElectronicCity,HSRLayout,0,20,0,15,1.6120318916864356
ElectronicCity,HSRLayout,0,21,0,15,1.3887573050221154
ElectronicCity,HSRLayout,0,22,0,15,1.0360662900890747
ElectronicCity,HSRLayout,0,23,0,15,1.0970665099278374
ElectronicCity,HSRLayout,1,0,0,15,1.0
ElectronicCity,HSRLayout,1,1,0,15,1.0
ElectronicCity,HSRLayout,1,2,0,15,1.016972912365869
ElectronicCity,HSRLayout,1,3,0,15,1.0516413718737772
ElectronicCity,HSRLayout,1,4,0,15,1.0173990706125466
ElectronicCity,HSRLayout,1,5,0,15,1.056506419572992
ElectronicCity,HSRLayout,1,6,0,15,1.0374114999984463
ElectronicCity,HSRLayout,1,7,0,15,1.1962213615111938
ElectronicCity,HSRLayout,1,8,0,15,1.3895709492954795
ElectronicCity,HSRLayout,1,9,0,15,1.435026061982631
ElectronicCity,HSRLayout,1,10,0,15,1.3992733009991785
ElectronicCity,HSRLayout,1,11,0,15,1.1429777560186094
ElectronicCity,HSRLayout,1,12,0,15,1.0350689187948237
ElectronicCity,HSRLayout,1,13,0,15,1.0
ElectronicCity,HSRLayout,1,14,0,15,1.0
ElectronicCity,HSRLayout,1,15,0,15,1.0582218072049379
ElectronicCity,HSRLayout,1,16,0,15,1.0102333915969222
ElectronicCity,HSRLayout,1,17,0,15,1.2339278822768005
ElectronicCity,HSRLayout,1,18,0,15,1.3793649250360966
ElectronicCity,HSRLayout,1,19,0,15,1.4538780708125683
ElectronicCity,HSRLayout,1,20,0,15,1.2516095176842144
ElectronicCity,HSRLayout,1,21,0,15,1.1962845331977805
ElectronicCity,HSRLayout,1,22,0,15,1.108278514897799
ElectronicCity,HSRLayout,1,23,0,15,1.0
OuterRingRoadE,Domlur,0,0,0,7,1.0045153349861817
OuterRingRoadE,Domlur,0,1,0,7,1.0
OuterRingRoadE,Domlur,0,2,0,7,1.0335700564880435
OuterRingRoadE,Domlur,0,3,0,7,1.0
OuterRingRoadE,Domlur,0,4,0,7,1.044058588775246
OuterRingRoadE,Domlur,0,5,0,7,1.0
OuterRingRoadE,Domlur,0,6,0,7,1.0904198406267511
OuterRingRoadE,Domlur,0,7,0,7,1.2331338196643062
OuterRingRoadE,Domlur,0,8,0,7,1.6354946396371655
OuterRingRoadE,Domlur,0,9,0,7,1.7537145132793663
OuterRingRoadE,Domlur,0,10,0,7,1.5641917062225315
OuterRingRoadE,Domlur,0,11,0,7,1.3571063326100987
OuterRingRoadE,Domlur,0,12,0,7,1.0143646793503605
OuterRingRoadE,Domlur,0,13,0,7,1.0
OuterRingRoadE,Domlur,0,14,0,7,1.0
OuterRingRoadE,Domlur,0,15,0,7,1.0
OuterRingRoadE,Domlur,0,16,0,7,1.197460543106137
OuterRingRoadE,Domlur,0,17,0,7,1.4525173599111885
OuterRingRoadE,Domlur,0,18,0,7,1.6228567466210575
OuterRingRoadE,Domlur,0,19,0,7,1.7136983910494488
OuterRingRoadE,Domlur,0,20,0,7,1.7166609150684697
OuterRingRoadE,Domlur,0,21,0,7,1.4216862150068779
OuterRingRoadE,Domlur,0,22,0,7,1.1790202587239316
OuterRingRoadE,Domlur,0,23,0,7,1.0929751186361716
OuterRingRoadE,Domlur,1,0,0,7,1.0
OuterRingRoadE,Domlur,1,1,0,7,1.0
OuterRingRoadE,Domlur,1,2,0,7,1.0
OuterRingRoadE,Domlur,1,3,0,7,1.0
OuterRingRoadE,Domlur,1,4,0,7,1.049324973131777
OuterRingRoadE,Domlur,1,5,0,7,1.0
OuterRingRoadE,Domlur,1,6,0,7,1.144672138866761
OuterRingRoadE,Domlur,1,7,0,7,1.138448436724936
OuterRingRoadE,Domlur,1,8,0,7,1.2952917066028589
OuterRingRoadE,Domlur,1,9,0,7,1.479894261634552
OuterRingRoadE,Domlur,1,10,0,7,1.4173761244827996
OuterRingRoadE,Domlur,1,11,0,7,1.1590476189241918
OuterRingRoadE,Domlur,1,12,0,7,1.0
OuterRingRoadE,Domlur,1,13,0,7,1.022808220376366
OuterRingRoadE,Domlur,1,14,0,7,1.0723831088971112
OuterRingRoadE,Domlur,1,15,0,7,1.0
OuterRingRoadE,Domlur,1,16,0,7,1.0371836392131786
OuterRingRoadE,Domlur,1,17,0,7,1.2522690773786818
OuterRingRoadE,Domlur,1,18,0,7,1.3689325144977225
OuterRingRoadE,Domlur,1,19,0,7,1.3848728948659252
OuterRingRoadE,Domlur,1,20,0,7,1.3429467973763356
OuterRingRoadE,Domlur,1,21,0,7,1.1636635546312126
OuterRingRoadE,Domlur,1,22,0,7,1.0906789477567722
OuterRingRoadE,Domlur,1,23,0,7,1.0248164764689762
